season,player_id,first_name,last_name,player_name,position,height_wo_shoes,height_wo_shoes_ft_in,height_w_shoes,height_w_shoes_ft_in,weight,wingspan,wingspan_ft_in,standing_reach,standing_reach_ft_in,body_fat_pct,hand_length,hand_width,standing_vertical_leap,max_vertical_leap,lane_agility_time,modified_lane_agility_time,three_quarter_sprint,bench_press,spot_fifteen_corner_left,spot_fifteen_break_left,spot_fifteen_top_key,spot_fifteen_break_right,spot_fifteen_corner_right,spot_college_corner_left,spot_college_break_left,spot_college_top_key,spot_college_break_right,spot_college_corner_right,spot_nba_corner_left,spot_nba_break_left,spot_nba_top_key,spot_nba_break_right,spot_nba_corner_right,off_drib_fifteen_break_left,off_drib_fifteen_top_key,off_drib_fifteen_break_right,off_drib_college_break_left,off_drib_college_top_key,off_drib_college_break_right,on_move_fifteen,on_move_college
2001,12033,Adam,Allenspach,Adam Allenspach,C,83.5,6' 11.5'',,,259,84.5,7' 0.5'',107.0,8' 11'',12.4,,,28.5,31.0,11.9,,3.4,16.0,,,,,,,,,,,,,,,,,,,,,,,
2001,2240,Gilbert,Arenas,Gilbert Arenas,SG,74.25,6' 2.25'',,,199,81.5,6' 9.5'',99.5,8' 3.5'',5.3,,,31.5,36.0,,,3.25,12.0,,,,,,,,,,,,,,,,,,,,,,,
2001,2220,Brandon,Armstrong,Brandon Armstrong,SG,75.5,6' 3.5'',,,188,81.5,6' 9.5'',99.5,8' 3.5'',9.3,,,30.0,37.0,10.91,,3.2,6.0,,,,,,,,,,,,,,,,,,,,,,,
2001,2203,Shane,Battier,Shane Battier,SF-PF,80.25,6' 8.25'',,,229,82.5,6' 10.5'',105.0,8' 9'',9.3,,,29.5,33.0,10.95,,3.3,12.0,,,,,,,,,,,,,,,,,,,,,,,
2001,12034,Cookie,Belcher,Cookie Belcher,SG-PG,75.0,6' 3'',,,206,80.5,6' 8.5'',99.0,8' 3'',5.3,,,35.0,41.5,11.26,,2.91,7.0,,,,,,,,,,,,,,,,,,,,,,,
2001,2294,Charlie,Bell,Charlie Bell,PG,74.5,6' 2.5'',,,200,79.5,6' 7.5'',97.5,8' 1.5'',6.7,,,31.5,38.0,10.59,,3.12,15.0,,,,,,,,,,,,,,,,,,,,,,,
2001,2257,Ruben,Boumtje-Boumtje,Ruben Boumtje-Boumtje,C,83.5,6' 11.5'',,,245,88.0,7' 4'',111.0,9' 3'',6.0,,,26.5,31.0,11.84,,3.33,6.0,,,,,,,,,,,,,,,,,,,,,,,
2001,12035,Calvin,Bowman,Calvin Bowman,PF,80.75,6' 8.75'',,,214,83.5,6' 11.5'',104.0,8' 8'',8.6,,,28.5,34.5,11.96,,3.21,7.0,,,,,,,,,,,,,,,,,,,,,,,
2001,2214,Michael,Bradley,Michael Bradley,PF,81.5,6' 9.5'',,,227,85.5,7' 1.5'',107.0,8' 11'',9.3,,,27.0,30.0,11.11,,3.35,13.0,,,,,,,,,,,,,,,,,,,,,,,
2001,2249,Jamison,Brewer,Jamison Brewer,PG,74.5,6' 2.5'',,,178,80.75,6' 8.75'',102.5,8' 6.5'',6.7,,,26.0,32.5,9.65,,3.15,12.0,,,,,,,,,,,,,,,,,,,,,,,
2001,2198,Kwame,Brown,Kwame Brown,PF-C,82.0,6' 10'',,,243,85.0,7' 1'',108.0,9' 0'',8.9,,,30.0,33.0,11.59,,3.45,17.0,,,,,,,,,,,,,,,,,,,,,,,
2001,12031,SirValiant,Brown,SirValiant Brown,PG,71.0,5' 11'',,,176,76.0,6' 4'',92.5,7' 8.5'',6.7,,,31.0,39.5,11.23,,3.0,10.0,,,,,,,,,,,,,,,,,,,,,,,
2001,2245,Damone,Brown,Damone Brown,SF,80.25,6' 8.25'',,,202,83.75,6' 11.75'',104.5,8' 8.5'',6.7,,,32.0,37.0,11.81,,3.27,6.0,,,,,,,,,,,,,,,,,,,,,,,
2001,12032,Ryan,Carroll,Ryan Carroll,SF-SG,76.0,6' 4'',,,202,80.25,6' 8.25'',99.0,8' 3'',8.0,,,34.5,39.0,11.0,,3.1,14.0,,,,,,,,,,,,,,,,,,,,,,,
2001,2199,Tyson,Chandler,Tyson Chandler,SF-PF,83.5,6' 11.5'',,,224,87.0,7' 3'',110.0,9' 2'',6.7,,,31.0,33.5,12.13,,3.36,2.0,,,,,,,,,,,,,,,,,,,,,,,
2001,2251,Eric,Chenowith,Eric Chenowith,C,85.0,7' 1'',,,264,88.0,7' 4'',111.0,9' 3'',12.9,,,23.5,27.5,12.5,,3.59,6.0,,,,,,,,,,,,,,,,,,,,,,,
2001,2439,Sam,Clancy,Sam Clancy,PF,78.25,6' 6.25'',,,242,86.75,7' 2.75'',107.0,8' 11'',8.0,,,31.0,34.0,11.47,,3.13,15.0,,,,,,,,,,,,,,,,,,,,,,,
2001,12036,Gyasi,Cline-Heard,Gyasi Cline-Heard,PF,78.25,6' 6.25'',,,231,83.5,6' 11.5'',103.0,8' 7'',8.0,,,31.5,34.5,11.4,,3.23,11.0,,,,,,,,,,,,,,,,,,,,,,,
2001,2215,Jason,Collins,Jason Collins,PF-C,82.25,6' 10.25'',,,251,88.5,7' 4.5'',110.0,9' 2'',12.9,,,25.5,28.5,12.1,,3.54,8.0,,,,,,,,,,,,,,,,,,,,,,,
2001,2260,Jarron,Collins,Jarron Collins,C-PF,81.25,6' 9.25'',,,252,87.0,7' 3'',104.0,8' 8'',15.2,,,23.0,29.0,11.65,,3.6,10.0,,,,,,,,,,,,,,,,,,,,,,,
2001,2241,Omar,Cook,Omar Cook,PG,71.5,5' 11.5'',,,189,77.5,6' 5.5'',92.0,7' 8'',5.5,,,31.0,35.5,10.77,,3.2,9.0,,,,,,,,,,,,,,,,,,,,,,,
2001,2201,Eddy,Curry,Eddy Curry,C,82.5,6' 10.5'',,,301,90.5,7' 6.5'',111.0,9' 3'',16.5,,,28.0,31.0,12.25,,3.53,16.0,,,,,,,,,,,,,,,,,,,,,,,
2001,12037,Tate,Decker,Tate Decker,SF,81.25,6' 9.25'',,,218,83.75,6' 11.75'',107.0,8' 11'',13.6,,,25.5,28.5,12.19,,3.47,13.0,,,,,,,,,,,,,,,,,,,,,,,
2001,2205,DeSagana,Diop,DeSagana Diop,C,82.0,6' 10'',,,314,90.5,7' 6.5'',113.0,9' 5'',21.0,,,21.5,25.5,12.37,,3.56,15.0,,,,,,,,,,,,,,,,,,,,,,,
2001,12038,Robb,Dryden,Robb Dryden,C,85.0,7' 1'',,,241,86.5,7' 2.5'',110.2,9' 2.25'',8.0,,,27.0,30.0,12.47,,3.46,8.0,,,,,,,,,,,,,,,,,,,,,,,
2001,12039,Anthony,Evans,Anthony Evans,PF,78.0,6' 6'',,,267,83.5,6' 11.5'',101.5,8' 5.5'',12.9,,,31.5,33.0,12.56,,3.31,18.0,,,,,,,,,,,,,,,,,,,,,,,
2001,2230,Maurice,Evans,Maurice Evans,SG,76.25,6' 4.25'',,,221,80.0,6' 8'',101.0,8' 5'',4.0,,,34.5,37.5,10.08,,3.12,22.0,,,,,,,,,,,,,,,,,,,,,,,
2001,12150,Benjamin,Eze,Benjamin Eze,C-PF,80.75,6' 8.75'',,,232,90.0,7' 6'',109.0,9' 1'',3.9,,,29.0,32.0,13.05,,3.36,14.0,,,,,,,,,,,,,,,,,,,,,,,
2001,2386,Kimani,Ffriend,Kimani Ffriend,C-PF,81.5,6' 9.5'',,,228,82.75,6' 10.75'',108.5,9' 0.5'',11.7,,,32.0,33.0,11.46,,3.09,9.0,,,,,,,,,,,,,,,,,,,,,,,
2001,2228,Alton,Ford,Alton Ford,PF,80.25,6' 8.25'',,,271,82.5,6' 10.5'',102.5,8' 6.5'',8.0,,,34.5,36.5,11.7,,3.16,21.0,,,,,,,,,,,,,,,,,,,,,,,
2001,2218,Joseph,Forte,Joseph Forte,SG,75.5,6' 3.5'',,,193,78.5,6' 6.5'',100.5,8' 4.5'',,,,26.5,33.0,11.51,,3.19,10.0,,,,,,,,,,,,,,,,,,,,,,,
2001,-1,Jason,Gardner,Jason Gardner,PG,69.75,5' 9.75'',,,188,73.25,6' 1.25'',92.5,7' 8.5'',8.0,,,34.5,40.0,10.88,,2.92,9.0,,,,,,,,,,,,,,,,,,,,,,,
2001,12151,Jerry,Green,Jerry Green,PG-SG,73.5,6' 1.5'',,,179,78.25,6' 6.25'',99.0,8' 3'',5.5,,,28.5,35.0,11.7,,3.17,13.0,,,,,,,,,,,,,,,,,,,,,,,
2001,12152,Kenny,Gregory,Kenny Gregory,SF,75.5,6' 3.5'',,,200,83.25,6' 11.25'',101.0,8' 5'',6.7,,,39.5,45.5,11.33,,3.1,10.0,,,,,,,,,,,,,,,,,,,,,,,
2001,2204,Eddie,Griffin,Eddie Griffin,PF-SF,81.25,6' 9.25'',,,222,87.0,7' 3'',110.0,9' 2'',4.0,,,26.5,33.0,11.77,,3.21,3.0,,,,,,,,,,,,,,,,,,,,,,,
2001,2239,Trenton,Hassell,Trenton Hassell,SG-SF,76.25,6' 4.25'',,,205,80.0,6' 8'',99.5,8' 3.5'',5.3,,,35.5,37.5,11.57,,3.29,12.0,,,,,,,,,,,,,,,,,,,,,,,
2001,2213,Kirk,Haston,Kirk Haston,PF-SF,80.0,6' 8'',,,242,84.25,7' 0.25'',106.0,8' 10'',10.5,,,27.0,31.5,12.25,,3.35,11.0,,,,,,,,,,,,,,,,,,,,,,,
2001,12153,Charles,Hathaway,Charles Hathaway,C,80.0,6' 8'',,,274,86.0,7' 2'',107.5,8' 11.5'',,,,,,,,,,,,,,,,,,,,,,,,,,,,,,,,
2001,2217,Brendan,Haywood,Brendan Haywood,C,83.75,6' 11.75'',,,266,90.5,7' 6.5'',113.5,9' 5.5'',12.9,,,27.0,28.5,12.87,,3.5,17.0,,,,,,,,,,,,,,,,,,,,,,,
2001,12154,Michael,Hicks,Michael Hicks,SG,76.0,6' 4'',,,197,81.25,6' 9.25'',100.5,8' 4.5'',7.3,,,33.0,40.5,11.38,,3.19,13.0,,,,,,,,,,,,,,,,,,,,,,,
2001,2212,Steven,Hunter,Steven Hunter,C-PF,82.25,6' 10.25'',,,224,88.0,7' 4'',108.0,9' 0'',5.3,,,30.5,38.5,11.99,,3.15,11.0,,,,,,,,,,,,,,,,,,,,,,,
2001,12155,Andre,Hutson,Andre Hutson,PF,80.25,6' 8.25'',,,244,83.75,6' 11.75'',105.5,8' 9.5'',11.7,,,29.0,32.5,11.25,,3.3,17.0,,,,,,,,,,,,,,,,,,,,,,,
2001,12156,Nate,James,Nate James,SF,76.75,6' 4.75'',,,196,82.75,6' 10.75'',103.0,8' 7'',6.0,,,26.0,31.0,11.42,,3.31,23.0,,,,,,,,,,,,,,,,,,,,,,,
2001,2210,Richard,Jefferson,Richard Jefferson,SF,79.25,6' 7.25'',,,223,84.0,7' 0'',103.0,8' 7'',6.7,,,33.0,38.5,11.19,,3.15,14.0,,,,,,,,,,,,,,,,,,,,,,,
2001,2798,Horace,Jenkins,Horace Jenkins,PG,71.75,5' 11.75'',,,171,77.25,6' 5.25'',97.0,8' 1'',6.0,,,34.5,41.0,10.97,,3.1,2.0,,,,,,,,,,,,,,,,,,,,,,,
2001,12157,Darrell,Johns,Darrell Johns,C,83.25,6' 11.25'',,,278,89.0,7' 5'',111.5,9' 3.5'',19.1,,,23.5,30.0,12.41,,3.59,18.0,,,,,,,,,,,,,,,,,,,,,,,
2001,2256,Ken,Johnson,Ken Johnson,C,82.75,6' 10.75'',,,227,88.0,7' 4'',109.5,9' 1.5'',9.9,,,32.5,35.0,11.27,,3.12,13.0,,,,,,,,,,,,,,,,,,,,,,,
2001,2207,Joe,Johnson,Joe Johnson,SF-SG,78.75,6' 6.75'',,,226,81.0,6' 9'',105.0,8' 9'',6.7,,,32.5,36.5,12.05,,3.4,12.0,,,,,,,,,,,,,,,,,,,,,,,
2001,12158,Darren,Kelly,Darren Kelly,SG-PG,74.0,6' 2'',,,178,78.75,6' 6.75'',100.0,8' 4'',6.7,,,30.5,34.5,11.38,,3.21,1.0,,,,,,,,,,,,,,,,,,,,,,,
2001,2253,Sean,Lampley,Sean Lampley,SF,77.5,6' 5.5'',,,213,81.25,6' 9.25'',101.0,8' 5'',8.0,,,36.0,40.0,11.06,,3.12,12.0,,,,,,,,,,,,,,,,,,,,,,,
2001,12159,Zach,Marbury,Zach Marbury,PG-SG,73.25,6' 1.25'',,,183,75.5,6' 3.5'',96.5,8' 0.5'',6.7,,,33.0,36.5,11.53,,3.1,0.0,,,,,,,,,,,,,,,,,,,,,,,
2001,12160,Mike,Mardesich,Mike Mardesich,C-PF,82.25,6' 10.25'',,,247,84.5,7' 0.5'',108.5,9' 0.5'',13.6,,,24.0,30.0,11.65,,3.45,8.0,,,,,,,,,,,,,,,,,,,,,,,
2001,12161,DeMarcus,Minor,DeMarcus Minor,SG,75.25,6' 3.25'',,,207,80.25,6' 8.25'',99.5,8' 3.5'',6.7,,,29.0,41.0,10.57,,3.15,9.0,,,,,,,,,,,,,,,,,,,,,,,
2001,200081,Jamario,Moon,Jamario Moon,SF,78.5,6' 6.5'',,,185,83.5,6' 11.5'',103.0,8' 7'',5.3,,,33.0,43.0,11.64,,3.08,0.0,,,,,,,,,,,,,,,,,,,,,,,
2001,2211,Troy,Murphy,Troy Murphy,PF,81.75,6' 9.75'',,,230,83.0,6' 11'',105.5,8' 9.5'',11.7,,,28.5,34.5,11.22,,3.43,11.0,,,,,,,,,,,,,,,,,,,,,,,
2001,12162,Troy,Ostler,Troy Ostler,PF-SF,80.75,6' 8.75'',,,200,85.5,7' 1.5'',106.5,8' 10.5'',8.0,,,26.5,29.5,13.42,,3.5,2.0,,,,,,,,,,,,,,,,,,,,,,,
2001,40046,Lazaros,Papadopoulos,Lazaros Papadopoulos,C-PF,82.25,6' 10.25'',,,227,86.5,7' 2.5'',110.5,9' 2.5'',11.7,,,23.0,26.0,12.0,,3.7,4.0,,,,,,,,,,,,,,,,,,,,,,,
2001,12164,Rashad,Phillips,Rashad Phillips,PG,69.0,5' 9'',,,166,73.5,6' 1.5'',92.0,7' 8'',12.4,,,27.0,32.0,11.93,,3.27,5.0,,,,,,,,,,,,,,,,,,,,,,,
2001,12165,Demetrius,Porter,Demetrius Porter,PG,70.75,5' 10.75'',,,178,74.75,6' 2.75'',94.0,7' 10'',12.4,,,26.0,31.0,11.5,,3.34,5.0,,,,,,,,,,,,,,,,,,,,,,,
2001,12166,Martin,Rancik,Martin Rancik,PF-SF,80.75,6' 8.75'',,,230,80.0,6' 8'',102.5,8' 6.5'',8.0,,,32.0,37.0,10.77,,3.19,14.0,,,,,,,,,,,,,,,,,,,,,,,
2001,2202,Jason,Richardson,Jason Richardson,SF-SG,76.75,6' 4.75'',,,213,83.5,6' 11.5'',102.5,8' 6.5'',5.3,,,32.5,39.5,11.75,,3.12,15.0,,,,,,,,,,,,,,,,,,,,,,,
2001,2369,Norman,Richardson,Norman Richardson,SG,75.5,6' 3.5'',,,180,76.5,6' 4.5'',99.0,8' 3'',6.0,,,30.5,35.5,10.97,,3.15,2.0,,,,,,,,,,,,,,,,,,,,,,,
2001,2219,Jeryl,Sasser,Jeryl Sasser,PG-SG,77.5,6' 5.5'',,,194,82.5,6' 10.5'',103.5,8' 7.5'',6.7,,,29.0,34.0,11.47,,3.22,1.0,,,,,,,,,,,,,,,,,,,,,,,
2001,12167,Kenny,Satterfield,Kenny Satterfield,PG,73.0,6' 1'',,,176,76.5,6' 4.5'',98.0,8' 2'',6.7,,,28.5,33.0,12.05,,3.2,3.0,,,,,,,,,,,,,,,,,,,,,,,
2001,2243,Brian,Scalabrine,Brian Scalabrine,PF-SF,80.75,6' 8.75'',,,241,81.75,6' 9.75'',105.5,8' 9.5'',13.6,,,27.0,30.5,11.75,,3.47,14.0,,,,,,,,,,,,,,,,,,,,,,,
2001,12168,Lee,Scruggs,Lee Scruggs,PF-SF,82.25,6' 10.25'',,,209,89.75,7' 5.75'',110.5,9' 2.5'',10.5,,,23.5,29.5,13.28,,3.55,0.0,,,,,,,,,,,,,,,,,,,,,,,
2001,2250,Bobby,Simmons,Bobby Simmons,SF,78.25,6' 6.25'',,,235,84.25,7' 0.25'',105.0,8' 9'',6.7,,,27.5,34.0,11.69,,3.41,12.0,,,,,,,,,,,,,,,,,,,,,,,
2001,2226,Will,Solomon,Will Solomon,PG-SG,71.75,5' 11.75'',,,172,81.5,6' 9.5'',99.5,8' 3.5'',4.0,,,28.5,35.0,11.3,,3.22,4.0,,,,,,,,,,,,,,,,,,,,,,,
2001,12169,Greg,Stevenson,Greg Stevenson,SF,75.75,6' 3.75'',,,215,84.5,7' 0.5'',102.0,8' 6'',7.3,,,30.0,35.5,11.29,,3.23,15.0,,,,,,,,,,,,,,,,,,,,,,,
2001,12170,Damone,Thornton,Damone Thornton,PF,78.75,6' 6.75'',,,235,85.75,7' 1.75'',103.7,8' 7.75'',8.0,,,33.5,37.5,11.17,,3.2,19.0,,,,,,,,,,,,,,,,,,,,,,,
2001,2224,Jamaal,Tinsley,Jamaal Tinsley,PG,72.75,6' 0.75'',,,199,79.5,6' 7.5'',97.5,8' 1.5'',13.6,,,28.0,37.5,11.96,,3.2,1.0,,,,,,,,,,,,,,,,,,,,,,,
2001,12171,Tory,Walker,Tory Walker,SF,78.75,6' 6.75'',,,187,83.25,6' 11.25'',104.5,8' 8.5'',6.7,,,28.0,33.0,11.95,,3.25,7.0,,,,,,,,,,,,,,,,,,,,,,,
2001,12172,Souleymane,Wane,Souleymane Wane,C,80.5,6' 8.5'',,,235,89.0,7' 5'',109.0,9' 1'',11.2,,,29.0,30.5,12.02,,3.46,9.0,,,,,,,,,,,,,,,,,,,,,,,
2001,2248,Earl,Watson,Earl Watson,PG,72.0,6' 0'',,,184,78.75,6' 6.75'',97.0,8' 1'',4.0,,,32.5,37.5,10.97,,3.19,4.0,,,,,,,,,,,,,,,,,,,,,,,
2001,2206,Rodney,White,Rodney White,SF,79.5,6' 7.5'',,,243,83.5,6' 11.5'',104.5,8' 8.5'',9.3,,,27.5,33.0,12.07,,3.47,16.0,,,,,,,,,,,,,,,,,,,,,,,
2001,2254,Loren,Woods,Loren Woods,C-PF,84.75,7' 0.75'',,,246,89.5,7' 5.5'',113.0,9' 5'',9.3,,,24.5,28.0,11.83,,3.48,10.0,,,,,,,,,,,,,,,,,,,,,,,
2001,12041,Michael,Wright,Michael Wright,PF,79.0,6' 7'',,,247,83.5,6' 11.5'',106.5,8' 10.5'',9.3,,,27.5,33.5,11.37,,3.21,18.0,,,,,,,,,,,,,,,,,,,,,,,
2001,12040,Brent,Wright,Brent Wright,PF-SF,79.75,6' 7.75'',,,236,85.5,7' 1.5'',105.5,8' 9.5'',12.4,,,23.0,29.0,12.25,,3.3,19.0,,,,,,,,,,,,,,,,,,,,,,,
2004,2754,Tony,Allen,Tony Allen,SG,75.5,6' 3.5'',76.25,6' 4.25'',214,81.0,6' 9'',102.0,8' 6'',6.7,,,31.5,36.5,10.7,,3.19,17.0,,,,,,,,,,,,,,,,,,,,,,,
2004,2772,Trevor,Ariza,Trevor Ariza,SG-SF,79.0,6' 7'',80.25,6' 8.25'',201,86.0,7' 2'',107.5,8' 11.5'',8.0,,,29.5,32.0,11.63,,3.29,8.0,,,,,,,,,,,,,,,,,,,,,,,
2004,2857,Andre,Barrett,Andre Barrett,PG,68.75,5' 8.75'',69.75,5' 9.75'',171,73.0,6' 1'',92.0,7' 8'',6.7,,,29.0,34.5,10.63,,3.08,13.0,,,,,,,,,,,,,,,,,,,,,,,
2004,101138,Brandon,Bass,Brandon Bass,PF,78.25,6' 6.25'',79.25,6' 7.25'',246,86.5,7' 2.5'',106.5,8' 10.5'',9.3,,,31.5,33.0,11.61,,3.24,18.0,,,,,,,,,,,,,,,,,,,,,,,
2004,2740,Andris,Biedrins,Andris Biedrins,C,,,,,,,,,,9.3,,,,,,,,,,,,,,,,,,,,,,,,,,,,,,,
2004,2800,Tony,Bobbitt,Tony Bobbitt,SG,74.75,6' 2.75'',76.0,6' 4'',185,79.0,6' 7'',100.0,8' 4'',7.3,,,,,,,,1.0,,,,,,,,,,,,,,,,,,,,,,,
2004,12173,Brian,Boddicker,Brian Boddicker,SF-PF,79.5,6' 7.5'',80.75,6' 8.75'',230,82.0,6' 10'',105.5,8' 9.5'',11.2,,,28.0,30.0,10.93,,3.25,16.0,,,,,,,,,,,,,,,,,,,,,,,
2004,12174,Tim,Bowers,Tim Bowers,PG-SG,72.5,6' 0.5'',73.75,6' 1.75'',181,81.0,6' 9'',98.0,8' 2'',2.6,,,37.0,43.5,11.24,,3.21,13.0,,,,,,,,,,,,,,,,,,,,,,,
2004,2810,Andre,Brown,Andre Brown,PF-C,80.0,6' 8'',81.5,6' 9.5'',236,83.0,6' 11'',107.0,8' 11'',6.0,,,32.0,35.5,11.7,,3.22,18.0,,,,,,,,,,,,,,,,,,,,,,,
2004,2766,Antonio,Burks,Antonio Burks,PG,72.0,6' 0'',72.75,6' 0.75'',191,78.5,6' 6.5'',96.5,8' 0.5'',9.9,,,,,,,,9.0,,,,,,,,,,,,,,,,,,,,,,,
2004,2866,Jackie,Butler,Jackie Butler,C,80.0,6' 8'',81.5,6' 9.5'',263,85.5,7' 1.5'',109.0,9' 1'',16.3,,,23.0,25.0,13.32,,3.4,14.0,,,,,,,,,,,,,,,,,,,,,,,
2004,12175,Aleksandar,Capin,Aleksandar Capin,PG,72.0,6' 0'',73.25,6' 1.25'',176,73.5,6' 1.5'',94.0,7' 10'',9.3,,,23.0,29.0,11.5,,3.27,4.0,,,,,,,,,,,,,,,,,,,,,,,
2004,12176,Ales,Chan,Ales Chan,C,84.0,7' 0'',86.0,7' 2'',255,87.0,7' 3'',113.0,9' 5'',14.8,,,21.0,29.0,12.9,,3.62,2.0,,,,,,,,,,,,,,,,,,,,,,,
2004,2735,Josh,Childress,Josh Childress,SG-SF,77.75,6' 5.75'',79.25,6' 7.25'',196,83.0,6' 11'',105.0,8' 9'',9.3,,,29.0,36.0,11.95,,3.38,11.0,,,,,,,,,,,,,,,,,,,,,,,
2004,200555,TJ,Cummings,TJ Cummings,SF,79.5,6' 7.5'',80.75,6' 8.75'',215,81.5,6' 9.5'',106.5,8' 10.5'',6.7,,,27.0,31.0,11.58,,3.12,6.0,,,,,,,,,,,,,,,,,,,,,,,
2004,2845,Erik,Daniels,Erik Daniels,SF-PF,78.25,6' 6.25'',79.5,6' 7.5'',223,83.0,6' 11'',106.0,8' 10'',18.5,,,31.0,32.0,11.38,,3.19,4.0,,,,,,,,,,,,,,,,,,,,,,,
2004,2736,Luol,Deng,Luol Deng,SF,79.0,6' 7'',80.0,6' 8'',220,84.5,7' 0.5'',108.5,9' 0.5'',6.7,,,27.5,31.5,11.46,,3.34,5.0,,,,,,,,,,,,,,,,,,,,,,,
2004,12177,Marcus,Douthit,Marcus Douthit,C-PF,81.5,6' 9.5'',83.0,6' 11'',223,88.0,7' 4'',111.5,9' 3.5'',13.7,,,25.5,31.5,11.64,,3.34,1.0,,,,,,,,,,,,,,,,,,,,,,,
2004,2768,Chris,Duhon,Chris Duhon,PG,72.0,6' 0'',73.25,6' 1.25'',193,78.5,6' 6.5'',98.0,8' 2'',6.7,,,31.5,35.0,10.45,,3.14,7.0,,,,,,,,,,,,,,,,,,,,,,,
2004,2823,John,Edwards,John Edwards,C,83.25,6' 11.25'',85.0,7' 1'',264,88.5,7' 4.5'',113.0,9' 5'',14.1,,,,,,,,15.0,,,,,,,,,,,,,,,,,,,,,,,
2004,2765,Andre,Emmett,Andre Emmett,SG-SF,75.5,6' 3.5'',76.5,6' 4.5'',216,81.0,6' 9'',100.0,8' 4'',6.7,,,,,,,,,,,,,,,,,,,,,,,,,,,,,,,
2004,2824,Desmon,Farmer,Desmon Farmer,SG,76.5,6' 4.5'',77.75,6' 5.75'',214,80.5,6' 8.5'',103.0,8' 7'',5.3,,,24.0,31.0,10.89,,3.2,12.0,,,,,,,,,,,,,,,,,,,,,,,
2004,2784,Luis,Flores,Luis Flores,PG-SG,72.5,6' 0.5'',73.75,6' 1.75'',202,79.5,6' 7.5'',98.5,8' 2.5'',6.0,,,29.0,32.0,10.97,,3.1,15.0,,,,,,,,,,,,,,,,,,,,,,,
2004,2782,Matt,Freije,Matt Freije,SF-PF,80.25,6' 8.25'',81.5,6' 9.5'',234,85.0,7' 1'',108.5,9' 0.5'',10.8,,,29.5,31.0,11.15,,3.25,13.0,,,,,,,,,,,,,,,,,,,,,,,
2004,12178,Chris,Garnett,Chris Garnett,C-PF,80.25,6' 8.25'',81.75,6' 9.75'',260,85.0,7' 1'',108.0,9' 0'',14.8,,,27.0,31.5,11.75,,3.36,22.0,,,,,,,,,,,,,,,,,,,,,,,
2004,101155,Ryan,Gomes,Ryan Gomes,SF-PF,78.5,6' 6.5'',79.75,6' 7.75'',248,86.0,7' 2'',106.5,8' 10.5'',,,,26.5,30.5,12.49,,3.24,9.0,,,,,,,,,,,,,,,,,,,,,,,
2004,2732,Ben,Gordon,Ben Gordon,PG-SG,73.0,6' 1'',74.25,6' 2.25'',192,80.5,6' 8.5'',99.0,8' 3'',5.3,,,31.5,37.5,11.28,,3.19,12.0,,,,,,,,,,,,,,,,,,,,,,,
2004,2734,Devin,Harris,Devin Harris,PG,73.75,6' 1.75'',75.0,6' 3'',170,79.5,6' 7.5'',98.5,8' 2.5'',5.3,,,30.5,37.0,11.03,,3.19,5.0,,,,,,,,,,,,,,,,,,,,,,,
2004,2730,Dwight,Howard,Dwight Howard,PF-C,81.0,6' 9'',82.25,6' 10.25'',240,88.5,7' 4.5'',111.5,9' 3.5'',10.5,,,30.5,35.5,11.21,,3.14,7.0,,,,,,,,,,,,,,,,,,,,,,,
2004,12179,Rolando,Howell,Rolando Howell,PF,79.5,6' 7.5'',80.5,6' 8.5'',229,84.5,7' 0.5'',107.0,8' 11'',11.7,,,28.5,34.5,11.91,,3.28,,,,,,,,,,,,,,,,,,,,,,,,
2004,2743,Kris,Humphries,Kris Humphries,PF,80.25,6' 8.25'',81.5,6' 9.5'',238,84.5,7' 0.5'',106.5,8' 10.5'',6.7,,,29.5,36.0,11.33,,3.2,22.0,,,,,,,,,,,,,,,,,,,,,,,
2004,2738,Andre,Iguodala,Andre Iguodala,SG-SF,77.75,6' 5.75'',78.75,6' 6.75'',217,83.0,6' 11'',105.5,8' 9.5'',6.7,,,30.5,34.5,11.17,,3.18,4.0,,,,,,,,,,,,,,,,,,,,,,,
2004,12180,Martin,Iti,Martin Iti,C-PF,80.5,6' 8.5'',81.75,6' 9.75'',233,89.0,7' 5'',111.5,9' 3.5'',10.5,,,26.5,32.5,12.28,,3.41,13.0,,,,,,,,,,,,,,,,,,,,,,,
2004,2739,Luke,Jackson,Luke Jackson,SF-SG,78.0,6' 6'',79.0,6' 7'',212,80.5,6' 8.5'',103.0,8' 7'',8.0,,,26.5,36.0,11.1,,3.24,13.0,,,,,,,,,,,,,,,,,,,,,,,
2004,2744,Al,Jefferson,Al Jefferson,PF-SF,80.5,6' 8.5'',81.75,6' 9.75'',263,86.5,7' 2.5'',110.0,9' 2'',10.5,,,28.5,30.0,13.08,,3.29,3.0,,,,,,,,,,,,,,,,,,,,,,,
2004,2865,Arthur,Johnson,Arthur Johnson,PF-C,79.0,6' 7'',80.5,6' 8.5'',262,87.0,7' 3'',109.0,9' 1'',16.3,,,26.5,28.5,11.81,,3.38,14.0,,,,,,,,,,,,,,,,,,,,,,,
2004,12181,Ivan,Koljevic,Ivan Koljevic,PG,73.0,6' 1'',74.0,6' 2'',172,74.5,6' 2.5'',95.0,7' 11'',6.7,,,26.0,28.5,11.07,,3.28,4.0,,,,,,,,,,,,,,,,,,,,,,,
2004,12182,Herve,Lamizana,Herve Lamizana,SF-PF,79.5,6' 7.5'',80.5,6' 8.5'',210,85.5,7' 1.5'',107.0,8' 11'',6.7,,,,,,,,,,,,,,,,,,,,,,,,,,,,,,,
2004,2778,Sergei,Lishouk,Sergei Lishouk,PF-SF,82.25,6' 10.25'',83.5,6' 11.5'',244,84.0,7' 0'',109.5,9' 1.5'',10.5,,,,,,,,,,,,,,,,,,,,,,,,,,,,,,,
2004,2733,Shaun,Livingston,Shaun Livingston,PG-SG,78.25,6' 6.25'',79.5,6' 7.5'',186,83.0,6' 11'',105.5,8' 9.5'',6.7,,,26.5,30.0,10.72,,3.23,,,,,,,,,,,,,,,,,,,,,,,,
2004,12184,Jaime,Lloreda,Jaime Lloreda,PF,78.75,6' 6.75'',80.5,6' 8.5'',247,81.5,6' 9.5'',107.0,8' 11'',9.9,,,25.5,29.5,12.93,,3.23,6.0,,,,,,,,,,,,,,,,,,,,,,,
2004,12000,Bryant,Matthews,Bryant Matthews,SF-SG,77.75,6' 5.75'',78.75,6' 6.75'',206,84.5,7' 0.5'',105.5,8' 9.5'',6.7,,,29.0,34.5,11.08,,3.13,13.0,,,,,,,,,,,,,,,,,,,,,,,
2004,12001,Marcus,Melvin,Marcus Melvin,SF-PF,78.75,6' 6.75'',80.5,6' 8.5'',241,84.0,7' 0'',105.5,8' 9.5'',10.5,,,25.0,30.5,11.81,,3.33,11.0,,,,,,,,,,,,,,,,,,,,,,,
2004,2822,Rich,Melzer,Rich Melzer,PF-SF,79.5,6' 7.5'',80.75,6' 8.75'',229,86.0,7' 2'',107.0,8' 11'',12.4,,,24.5,28.5,11.74,,3.39,8.0,,,,,,,,,,,,,,,,,,,,,,,
2004,2777,Ricky,Minard,Ricky Minard,PG-SG,75.25,6' 3.25'',76.25,6' 4.25'',198,79.0,6' 7'',101.5,8' 5.5'',8.0,,,27.5,33.0,10.94,,3.1,13.0,,,,,,,,,,,,,,,,,,,,,,,
2004,12002,James,Moore,James Moore,PF-SF,78.5,6' 6.5'',80.0,6' 8'',198,84.5,7' 0.5'',107.0,8' 11'',8.0,,,28.5,32.5,11.01,,3.21,,,,,,,,,,,,,,,,,,,,,,,,
2004,12003,Marcus,Moore,Marcus Moore,PG-SG,76.0,6' 4'',77.25,6' 5.25'',202,81.0,6' 9'',101.5,8' 5.5'',14.8,,,25.0,30.0,11.31,,3.34,,,,,,,,,,,,,,,,,,,,,,,,
2004,12004,Michel,Morandais,Michel Morandais,SG-SF,75.75,6' 3.75'',76.75,6' 4.75'',205,83.5,6' 11.5'',102.0,8' 6'',8.6,,,30.5,33.5,11.45,,3.22,16.0,,,,,,,,,,,,,,,,,,,,,,,
2004,2749,Jameer,Nelson,Jameer Nelson,PG,71.0,5' 11'',72.5,6' 0.5'',199,74.5,6' 2.5'',95.0,7' 11'',8.0,,,28.5,33.5,10.95,,3.14,15.0,,,,,,,,,,,,,,,,,,,,,,,
2004,12005,Misan,Nikagbatse,Misan Nikagbatse,SG-PG,75.5,6' 3.5'',76.75,6' 4.75'',223,82.0,6' 10'',102.0,8' 6'',12.9,,,27.5,32.5,11.27,,3.32,11.0,,,,,,,,,,,,,,,,,,,,,,,
2004,2731,Emeka,Okafor,Emeka Okafor,C-PF,80.75,6' 8.75'',82.0,6' 10'',257,88.0,7' 4'',110.5,9' 2.5'',5.3,,,31.5,34.0,12.32,,3.15,22.0,,,,,,,,,,,,,,,,,,,,,,,
2004,12006,Randall,Orr,Randall Orr,PF-SF,81.0,6' 9'',82.75,6' 10.75'',193,82.5,6' 10.5'',107.5,8' 11.5'',6.7,,,26.5,33.0,11.18,,3.27,6.0,,,,,,,,,,,,,,,,,,,,,,,
2004,12007,Dylan,Page,Dylan Page,SF,79.5,6' 7.5'',80.75,6' 8.75'',239,79.0,6' 7'',105.0,8' 9'',12.3,,,26.0,30.0,10.99,,3.4,17.0,,,,,,,,,,,,,,,,,,,,,,,
2004,-1,Drago,Pasalic,Drago Pasalic,PF,81.25,6' 9.25'',82.75,6' 10.75'',231,83.5,6' 11.5'',108.0,9' 0'',12.9,,,25.5,30.0,12.97,,3.56,8.0,,,,,,,,,,,,,,,,,,,,,,,
2004,12008,Rickey,Paulding,Rickey Paulding,SG,74.75,6' 2.75'',76.0,6' 4'',210,81.5,6' 9.5'',101.5,8' 5.5'',5.3,,,30.0,36.0,11.14,,3.17,17.0,,,,,,,,,,,,,,,,,,,,,,,
2004,12009,Kelvin,Pena,Kelvin Pena,SG-PG,74.25,6' 2.25'',75.25,6' 3.25'',182,78.5,6' 6.5'',99.5,8' 3.5'',8.6,,,27.5,32.5,11.5,,3.24,1.0,,,,,,,,,,,,,,,,,,,,,,,
2004,2773,Tim,Pickett,Tim Pickett,PG-SG,75.0,6' 3'',76.25,6' 4.25'',207,79.5,6' 7.5'',100.5,8' 4.5'',6.0,,,,,,,,,,,,,,,,,,,,,,,,,,,,,,,
2004,12010,Omar,Quintero,Omar Quintero,PG,69.75,5' 9.75'',71.25,5' 11.25'',170,71.5,5' 11.5'',92.5,7' 8.5'',14.1,,,25.0,29.0,11.37,,3.25,2.0,,,,,,,,,,,,,,,,,,,,,,,
2004,2762,Peter,Ramos,Peter Ramos,C,85.75,7' 1.75'',87.25,7' 3.25'',266,89.5,7' 5.5'',111.5,9' 3.5'',6.7,,,24.0,26.5,12.61,,3.6,2.0,,,,,,,,,,,,,,,,,,,,,,,
2004,2876,Jared,Reiner,Jared Reiner,C-PF,82.0,6' 10'',83.75,6' 11.75'',246,84.5,7' 0.5'',109.0,9' 1'',12.9,,,22.0,26.0,12.65,,3.56,15.0,,,,,,,,,,,,,,,,,,,,,,,
2004,101160,Lawrence,Roberts,Lawrence Roberts,PF,79.5,6' 7.5'',81.0,6' 9'',233,81.5,6' 9.5'',106.5,8' 10.5'',9.3,,,27.5,33.0,12.52,,3.3,18.0,,,,,,,,,,,,,,,,,,,,,,,
2004,2774,Bernard,Robinson,Bernard Robinson,SG-SF,77.25,6' 5.25'',78.5,6' 6.5'',208,82.0,6' 10'',102.0,8' 6'',6.0,,,28.5,34.5,10.91,,3.17,14.0,,,,,,,,,,,,,,,,,,,,,,,
2004,101126,Nate,Robinson,Nate Robinson,PG,67.75,5' 7.75'',69.0,5' 9'',181,73.0,6' 1'',91.5,7' 7.5'',6.7,,,35.5,43.5,10.75,,2.96,13.0,,,,,,,,,,,,,,,,,,,,,,,
2004,12011,Aerick,Sanders,Aerick Sanders,PF,78.5,6' 6.5'',79.5,6' 7.5'',205,83.5,6' 11.5'',106.0,8' 10'',6.7,,,24.5,30.5,11.98,,3.37,9.0,,,,,,,,,,,,,,,,,,,,,,,
2004,2781,Romain,Sato,Romain Sato,SG,74.0,6' 2'',75.25,6' 3.25'',204,83.0,6' 11'',102.5,8' 6.5'',6.0,,,31.5,35.5,11.27,,3.18,8.0,,,,,,,,,,,,,,,,,,,,,,,
2004,12012,Blagota,Sekulic,Blagota Sekulic,SF-PF,81.25,6' 9.25'',82.5,6' 10.5'',234,83.0,6' 11'',107.0,8' 11'',9.3,,,23.5,31.5,10.93,,3.39,8.0,,,,,,,,,,,,,,,,,,,,,,,
2004,2746,Josh,Smith,Josh Smith,SG-SF,79.0,6' 7'',80.25,6' 8.25'',221,84.0,7' 0'',106.5,8' 10.5'',6.7,,,32.5,39.5,11.43,,3.24,12.0,,,,,,,,,,,,,,,,,,,,,,,
2004,2747,J.R.,Smith,J.R. Smith,SG-SF,77.5,6' 5.5'',78.75,6' 6.75'',227,82.0,6' 10'',104.0,8' 8'',6.7,,,29.0,35.5,10.93,,3.21,5.0,,,,,,,,,,,,,,,,,,,,,,,
2004,2745,Kirk,Snyder,Kirk Snyder,SG-SF,78.0,6' 6'',78.75,6' 6.75'',228,81.0,6' 9'',104.0,8' 8'',9.3,,,30.0,35.0,10.79,,3.13,19.0,,,,,,,,,,,,,,,,,,,,,,,
2004,2776,Pape,Sow,Pape Sow,PF-C,80.5,6' 8.5'',82.0,6' 10'',233,86.0,7' 2'',108.5,9' 0.5'',9.3,,,28.0,31.5,12.13,,3.27,18.0,,,,,,,,,,,,,,,,,,,,,,,
2004,12014,Tiago,Splitter,Tiago Splitter,C-PF,82.25,6' 10.25'',83.75,6' 11.75'',233,86.0,7' 2'',109.5,9' 1.5'',5.3,,,26.0,31.5,11.65,,3.38,8.0,,,,,,,,,,,,,,,,,,,,,,,
2004,12015,Blake,Stepp,Blake Stepp,PG,,,,,,,,,,8.0,,,,,,,,,,,,,,,,,,,,,,,,,,,,,,,
2004,12016,Tom,Timmerrmans,Tom Timmerrmans,PF-C,82.5,6' 10.5'',83.5,6' 11.5'',272,83.0,6' 11'',107.5,8' 11.5'',15.2,,,23.0,26.5,13.13,,3.63,15.0,,,,,,,,,,,,,,,,,,,,,,,
2004,12296,Marko,Tomas,Marko Tomas,SG-PG,78.5,6' 6.5'',79.75,6' 7.75'',198,79.0,6' 7'',103.5,8' 7.5'',9.3,,,32.0,31.5,11.8,,3.23,,,,,,,,,,,,,,,,,,,,,,,,
2004,2757,Beno,Udrih,Beno Udrih,PG,74.5,6' 2.5'',75.75,6' 3.75'',199,76.5,6' 4.5'',98.0,8' 2'',9.3,,,,,,,,2.0,,,,,,,,,,,,,,,,,,,,,,,
2004,2761,Jackson,Vroman,Jackson Vroman,PF-C,81.25,6' 9.25'',82.75,6' 10.75'',226,84.0,7' 0'',105.5,8' 9.5'',6.7,,,29.5,33.5,10.75,,3.25,12.0,,,,,,,,,,,,,,,,,,,,,,,
2004,2753,Delonte,West,Delonte West,PG-SG,73.5,6' 1.5'',74.75,6' 2.75'',183,78.0,6' 6'',99.5,8' 3.5'',6.7,,,30.0,35.0,11.2,,3.15,12.0,,,,,,,,,,,,,,,,,,,,,,,
2004,2863,Damien,Wilkins,Damien Wilkins,SG-SF,76.5,6' 4.5'',78.0,6' 6'',222,84.0,7' 0'',106.0,8' 10'',7.3,,,26.5,31.0,11.92,,3.15,15.0,,,,,,,,,,,,,,,,,,,,,,,
2004,12292,Mike,Williams,Mike Williams,SF,77.5,6' 5.5'',78.5,6' 6.5'',197,83.5,6' 11.5'',105.5,8' 9.5'',9.3,,,23.5,27.5,11.59,,3.42,,,,,,,,,,,,,,,,,,,,,,,,
2004,12293,Nate,Williams,Nate Williams,PF-SF,80.5,6' 8.5'',82.0,6' 10'',240,85.5,7' 1.5'',109.5,9' 1.5'',12.4,,,23.5,26.0,12.6,,3.35,1.0,,,,,,,,,,,,,,,,,,,,,,,
2004,12294,Rashad,Wright,Rashad Wright,PG,72.5,6' 0.5'',73.75,6' 1.75'',190,82.0,6' 10'',98.5,8' 2.5'',8.0,,,28.5,32.5,11.15,,3.28,10.0,,,,,,,,,,,,,,,,,,,,,,,
2005,101165,Alex,Acker,Alex Acker,SG,75.75,6' 3.75'',76.75,6' 4.75'',183,84.0,7' 0'',102.5,8' 6.5'',,,,28.0,32.0,11.67,,3.35,11.0,,,,,,,,,,,,,,,,,,,,,,,
2005,101224,Deji,Akindele,Deji Akindele,C-PF,81.5,6' 9.5'',83.0,6' 11'',236.4,87.0,7' 3'',108.5,9' 0.5'',,,,30.5,32.5,12.58,,3.35,13.0,,,,,,,,,,,,,,,,,,,,,,,
2005,200969,Mustafa,Al-Sayyad,Mustafa Al-Sayyad,PF-C,,,,,,,,,,,,,26.5,30.5,11.56,,3.42,,,,,,,,,,,,,,,,,,,,,,,,
2005,12104,Nemanja,Aleksandrov,Nemanja Aleksandrov,PF-SF,82.0,6' 10'',84.0,7' 0'',220.6,83.0,6' 11'',110.0,9' 2'',,,,,,,,,5.0,,,,,,,,,,,,,,,,,,,,,,,
2005,101187,Alan,Anderson,Alan Anderson,SG-SF,76.5,6' 4.5'',78.0,6' 6'',223.2,81.5,6' 9.5'',104.0,8' 8'',,,,26.5,30.5,10.32,,3.27,10.0,,,,,,,,,,,,,,,,,,,,,,,
2005,101149,Martynas,Andriuskevicius,Martynas Andriuskevicius,C-PF,85.25,7' 1.25'',87.0,7' 3'',227.8,83.25,6' 11.25'',112.5,9' 4.5'',,,,24.0,27.5,11.94,,3.42,0.0,,,,,,,,,,,,,,,,,,,,,,,
2005,101252,Sean,Banks,Sean Banks,SF,77.75,6' 5.75'',79.0,6' 7'',206.4,85.0,7' 1'',108.0,9' 0'',,,,25.0,31.5,11.74,,3.35,7.0,,,,,,,,,,,,,,,,,,,,,,,
2005,101188,Eddie,Basden,Eddie Basden,SG-SF,76.25,6' 4.25'',77.5,6' 5.5'',210,82.25,6' 10.25'',101.0,8' 5'',,,,33.0,36.5,10.52,,3.21,14.0,,,,,,,,,,,,,,,,,,,,,,,
2005,12105,Mike,Bell,Mike Bell,SF-PF,80.75,6' 8.75'',81.25,6' 9.25'',206.2,85.5,7' 1.5'',104.5,8' 8.5'',,,,33.5,39.5,11.73,,3.29,13.0,,,,,,,,,,,,,,,,,,,,,,,
2005,101106,Andrew,Bogut,Andrew Bogut,C-PF,83.0,6' 11'',84.25,7' 0.25'',250.6,87.0,7' 3'',110.5,9' 2.5'',,,,27.5,33.5,12.06,,3.51,13.0,,,,,,,,,,,,,,,,,,,,,,,
2005,200793,Dee,Brown,Dee Brown,PG-SG,71.0,5' 11'',72.0,6' 0'',179,74.0,6' 2'',94.0,7' 10'',,,,,,,,,,,,,,,,,,,,,,,,,,,,,,,,
2005,101198,Will,Bynum,Will Bynum,PG-SG,70.5,5' 10.5'',71.5,5' 11.5'',188.8,75.5,6' 3.5'',93.0,7' 9'',,,,33.0,40.5,11.12,,3.0,15.0,,,,,,,,,,,,,,,,,,,,,,,
2005,12106,Marcus,Campbell,Marcus Campbell,C,82.25,6' 10.25'',84.25,7' 0.25'',280.4,90.0,7' 6'',114.0,9' 6'',,,,,,,,,9.0,,,,,,,,,,,,,,,,,,,,,,,
2005,101215,Will,Conroy,Will Conroy,PG,73.0,6' 1'',74.0,6' 2'',188.6,75.0,6' 3'',96.5,8' 0.5'',,,,30.5,36.5,10.51,,3.28,14.0,,,,,,,,,,,,,,,,,,,,,,,
2005,12107,Taylor,Coppenrath,Taylor Coppenrath,PF-SF,79.75,6' 7.75'',81.25,6' 9.25'',252.4,83.5,6' 11.5'',106.5,8' 10.5'',,,,24.5,27.0,11.51,,3.44,5.0,,,,,,,,,,,,,,,,,,,,,,,
2005,101143,Travis,Diener,Travis Diener,PG-SG,71.75,5' 11.75'',73.0,6' 1'',165.2,71.75,5' 11.75'',93.5,7' 9.5'',,,,24.5,31.0,10.85,,3.26,1.0,,,,,,,,,,,,,,,,,,,,,,,
2005,101113,Ike,Diogu,Ike Diogu,PF,78.5,6' 6.5'',80.0,6' 8'',255.4,87.5,7' 3.5'',109.0,9' 1'',,,,28.0,31.0,11.94,,3.45,21.0,,,,,,,,,,,,,,,,,,,,,,,
2005,12108,Daryl,Dorsey,Daryl Dorsey,PG,71.25,5' 11.25'',72.5,6' 0.5'',160.8,71.5,5' 11.5'',94.0,7' 10'',,,,25.0,30.5,11.41,,3.24,0.0,,,,,,,,,,,,,,,,,,,,,,,
2005,101145,Monta,Ellis,Monta Ellis,SG-PG,74.25,6' 2.25'',75.25,6' 3.25'',176.6,74.75,6' 2.75'',98.0,8' 2'',,,,26.5,31.5,12.13,,3.31,0.0,,,,,,,,,,,,,,,,,,,,,,,
2005,101109,Raymond,Felton,Raymond Felton,PG,71.5,5' 11.5'',72.25,6' 0.25'',199.4,76.25,6' 4.25'',98.0,8' 2'',,,,29.0,33.5,10.5,,3.06,6.0,,,,,,,,,,,,,,,,,,,,,,,
2005,201164,Rudy,Fernandez,Rudy Fernandez,SG,76.75,6' 4.75'',78.0,6' 6'',172,79.5,6' 7.5'',101.5,8' 5.5'',,,,26.5,35.5,10.48,,3.33,0.0,,,,,,,,,,,,,,,,,,,,,,,
2005,12109,D'Or,Fischer,D'Or Fischer,C-PF,81.25,6' 9.25'',82.5,6' 10.5'',242.4,90.0,7' 6'',110.5,9' 2.5'',,,,28.0,30.5,12.53,,3.5,2.0,,,,,,,,,,,,,,,,,,,,,,,
2005,12110,Eddy,Fobbs,Eddy Fobbs,C-PF,82.25,6' 10.25'',83.25,6' 11.25'',235.2,90.75,7' 6.75'',111.5,9' 3.5'',,,,29.5,34.0,11.53,,3.28,12.0,,,,,,,,,,,,,,,,,,,,,,,
2005,101213,Sharrod,Ford,Sharrod Ford,PF,79.25,6' 7.25'',80.25,6' 8.25'',212.8,85.5,7' 1.5'',106.0,8' 10'',,,,28.5,37.0,11.92,,3.2,9.0,,,,,,,,,,,,,,,,,,,,,,,
2005,101112,Channing,Frye,Channing Frye,PF-C,81.5,6' 9.5'',82.5,6' 10.5'',243.6,86.5,7' 2.5'',110.5,9' 2.5'',,,,27.5,31.0,11.6,,3.38,19.0,,,,,,,,,,,,,,,,,,,,,,,
2005,101184,Deng,Gai,Deng Gai,PF-C,79.75,6' 7.75'',81.25,6' 9.25'',214,88.5,7' 4.5'',110.5,9' 2.5'',,,,31.5,35.5,12.51,,3.27,11.0,,,,,,,,,,,,,,,,,,,,,,,
2005,101128,Francisco,Garcia,Francisco Garcia,SF-SG,77.75,6' 5.75'',79.0,6' 7'',189.6,82.75,6' 10.75'',103.0,8' 7'',,,,27.5,31.5,10.63,,3.33,5.0,,,,,,,,,,,,,,,,,,,,,,,
2005,12111,John,Gilchrist,John Gilchrist,PG,73.25,6' 1.25'',74.5,6' 2.5'',195.2,81.25,6' 9.25'',96.5,8' 0.5'',,,,30.5,36.5,11.48,,3.15,12.0,,,,,,,,,,,,,,,,,,,,,,,
2005,101162,Marcin,Gortat,Marcin Gortat,PF-C,83.0,6' 11'',84.0,7' 0'',225.2,87.5,7' 3.5'',110.0,9' 2'',,,,29.5,36.0,11.48,,3.33,18.0,,,,,,,,,,,,,,,,,,,,,,,
2005,101121,Joey,Graham,Joey Graham,SF,77.25,6' 5.25'',78.5,6' 6.5'',216.6,80.0,6' 8'',104.0,8' 8'',,,,30.0,36.0,10.62,,3.05,26.0,,,,,,,,,,,,,,,,,,,,,,,
2005,101122,Danny,Granger,Danny Granger,,79.5,6' 7.5'',80.5,6' 8.5'',225.4,85.5,7' 1.5'',103.0,8' 7'',,,,31.0,34.0,10.84,,3.34,10.0,,,,,,,,,,,,,,,,,,,,,,,
2005,101123,Gerald,Green,Gerald Green,SF,78.0,6' 6'',79.25,6' 7.25'',192,81.75,6' 9.75'',104.0,8' 8'',,,,31.5,39.0,11.2,,3.21,7.0,,,,,,,,,,,,,,,,,,,,,,,
2005,101236,Charles,Hayes,Charles Hayes,SF-PF,77.5,6' 5.5'',78.75,6' 6.75'',232.4,82.0,6' 10'',104.5,8' 8.5'',,,,30.0,33.0,10.7,,3.34,20.0,,,,,,,,,,,,,,,,,,,,,,,
2005,101129,Luther,Head,Luther Head,PG-SG,74.0,6' 2'',75.0,6' 3'',178.8,77.25,6' 5.25'',98.5,8' 2.5'',,,,31.5,38.5,11.12,,3.21,14.0,,,,,,,,,,,,,,,,,,,,,,,
2005,101125,Julius,Hodge,Julius Hodge,SG-SF,78.0,6' 6'',79.0,6' 7'',202.2,84.5,7' 0.5'',107.5,8' 11.5'',,,,24.5,29.0,10.89,,3.18,14.0,,,,,,,,,,,,,,,,,,,,,,,
2005,12112,Jared,Homan,Jared Homan,C-PF,79.75,6' 7.75'',80.75,6' 8.75'',248.2,85.25,7' 1.25'',104.5,8' 8.5'',,,,,,,,,16.0,,,,,,,,,,,,,,,,,,,,,,,
2005,101141,Ersan,Ilyasova,Ersan Ilyasova,SF,79.75,6' 7.75'',81.0,6' 9'',208.8,85.25,7' 1.25'',109.5,9' 1.5'',,,,22.0,30.0,11.59,,3.56,2.0,,,,,,,,,,,,,,,,,,,,,,,
2005,101127,Jarrett,Jack,Jarrett Jack,PG,74.5,6' 2.5'',75.5,6' 3.5'',197.6,79.5,6' 7.5'',100.0,8' 4'',,,,26.0,28.5,10.87,,3.24,5.0,,,,,,,,,,,,,,,,,,,,,,,
2005,101204,Dwayne,Jones,Dwayne Jones,C-PF,80.5,6' 8.5'',82.0,6' 10'',242.2,86.75,7' 2.75'',108.5,9' 0.5'',,,,28.0,31.5,11.87,,3.25,15.0,,,,,,,,,,,,,,,,,,,,,,,
2005,12113,Mindaugas,Katelynas,Mindaugas Katelynas,SF-PF,79.5,6' 7.5'',80.5,6' 8.5'',217,83.0,6' 11'',105.5,8' 9.5'',,,,31.5,35.0,11.6,,3.38,7.0,,,,,,,,,,,,,,,,,,,,,,,
2005,201318,Jason,Klotz,Jason Klotz,C-PF,80.5,6' 8.5'',81.75,6' 9.75'',249.4,82.0,6' 10'',107.5,8' 11.5'',,,,21.5,27.0,13.13,,3.68,12.0,,,,,,,,,,,,,,,,,,,,,,,
2005,-1,Carl,Krauser,Carl Krauser,PG-SG,71.5,5' 11.5'',72.75,6' 0.75'',193.4,77.5,6' 5.5'',98.5,8' 2.5'',,,,26.0,31.0,11.62,,3.38,8.0,,,,,,,,,,,,,,,,,,,,,,,
2005,101247,Keith,Langford,Keith Langford,SG-SF,74.25,6' 2.25'',75.5,6' 3.5'',203.2,81.0,6' 9'',101.0,8' 5'',,,,32.0,29.5,11.38,,3.23,8.0,,,,,,,,,,,,,,,,,,,,,,,
2005,101135,David,Lee,David Lee,PF,79.75,6' 7.75'',81.0,6' 9'',229.5,84.0,7' 0'',106.5,8' 10.5'',,,,30.5,32.5,10.8,,3.19,14.0,,,,,,,,,,,,,,,,,,,,,,,
2005,12114,David,Lucas,David Lucas,PF,78.5,6' 6.5'',79.75,6' 7.75'',233.4,84.0,7' 0'',103.5,8' 7.5'',,,,,,,,,17.0,,,,,,,,,,,,,,,,,,,,,,,
2005,101249,John,Lucas III,John Lucas III,PG,69.25,5' 9.25'',70.5,5' 10.5'',154.4,72.0,6' 0'',92.0,7' 8'',,,,29.0,34.0,10.44,,3.14,4.0,,,,,,,,,,,,,,,,,,,,,,,
2005,101185,Rawle,Marshall,Rawle Marshall,SG-SF,76.5,6' 4.5'',77.75,6' 5.75'',186.6,85.0,7' 1'',104.0,8' 8'',,,,30.5,37.0,11.64,,3.21,7.0,,,,,,,,,,,,,,,,,,,,,,,
2005,101131,Jason,Maxiell,Jason Maxiell,PF,77.0,6' 5'',78.25,6' 6.25'',257.6,87.25,7' 3.25'',107.0,8' 11'',,,,,,,,,,,,,,,,,,,,,,,,,,,,,,,,
2005,101118,Sean,May,Sean May,PF,79.0,6' 7'',80.5,6' 8.5'',258.8,85.25,7' 1.25'',105.0,8' 9'',,,,30.0,33.0,11.04,,3.29,12.0,,,,,,,,,,,,,,,,,,,,,,,
2005,101119,Rashad,McCants,Rashad McCants,SG,74.75,6' 2.75'',76.0,6' 4'',201,82.75,6' 10.75'',103.5,8' 7.5'',,,,32.5,34.5,10.39,,3.11,15.0,,,,,,,,,,,,,,,,,,,,,,,
2005,200829,Ivan,McFarlin,Ivan McFarlin,PF,77.5,6' 5.5'',78.75,6' 6.75'',228.6,81.0,6' 9'',105.5,8' 9.5'',,,,26.5,32.0,10.64,,3.27,10.0,,,,,,,,,,,,,,,,,,,,,,,
2005,12115,Juan,Mendez,Juan Mendez,PF-SF,77.25,6' 5.25'',78.75,6' 6.75'',231.4,84.0,7' 0'',106.5,8' 10.5'',,,,29.0,33.0,11.7,,3.24,14.0,,,,,,,,,,,,,,,,,,,,,,,
2005,101223,Aaron,Miles,Aaron Miles,PG,72.0,6' 0'',73.5,6' 1.5'',174.6,75.5,6' 3.5'',94.0,7' 10'',,,,32.0,37.5,10.69,,3.22,7.0,,,,,,,,,,,,,,,,,,,,,,,
2005,12116,Ellis,Myles,Ellis Myles,PF,78.0,6' 6'',79.25,6' 7.25'',255.2,81.75,6' 9.75'',105.5,8' 9.5'',,,,26.0,28.5,12.8,,3.42,15.0,,,,,,,,,,,,,,,,,,,,,,,
2005,12117,Larry,O'Bannon,Larry O'Bannon,SG,75.0,6' 3'',76.25,6' 4.25'',196,78.0,6' 6'',99.5,8' 3.5'',,,,31.5,36.5,11.44,,3.18,17.0,,,,,,,,,,,,,,,,,,,,,,,
2005,12118,Drago,Pasalic,Drago Pasalic,SF-PF,81.5,6' 9.5'',83.0,6' 11'',238.8,83.75,6' 11.75'',108.5,9' 0.5'',,,,25.0,30.5,12.12,,3.48,11.0,,,,,,,,,,,,,,,,,,,,,,,
2005,101108,Chris,Paul,Chris Paul,PG,71.75,5' 11.75'',73.0,6' 1'',178,76.25,6' 4.25'',93.0,7' 9'',,,,32.0,38.0,11.09,,3.22,10.0,,,,,,,,,,,,,,,,,,,,,,,
2005,200819,Kevin,Pittsnogle,Kevin Pittsnogle,PF,81.25,6' 9.25'',82.25,6' 10.25'',259.2,82.5,6' 10.5'',106.0,8' 10'',,,,,,,,,,,,,,,,,,,,,,,,,,,,,,,,
2005,201225,Carlos,Powell,Carlos Powell,SF-PF,77.25,6' 5.25'',78.75,6' 6.75'',221.8,82.75,6' 10.75'',105.0,8' 9'',,,,27.5,34.5,11.54,,3.21,12.0,,,,,,,,,,,,,,,,,,,,,,,
2005,101232,Roger,Powell,Roger Powell,SF,76.75,6' 4.75'',78.0,6' 6'',218.6,83.5,6' 11.5'',104.0,8' 8'',,,,,,,,,,,,,,,,,,,,,,,,,,,,,,,,
2005,101179,Ronnie,Price,Ronnie Price,PG,72.75,6' 0.75'',74.25,6' 2.25'',184.8,77.5,6' 5.5'',96.5,8' 0.5'',,,,31.5,39.0,10.49,,3.29,11.0,,,,,,,,,,,,,,,,,,,,,,,
2005,101194,Anthony,Roberson,Anthony Roberson,PG,72.75,6' 0.75'',74.5,6' 2.5'',178.8,74.75,6' 2.75'',95.0,7' 11'',,,,31.5,37.0,11.17,,3.19,14.0,,,,,,,,,,,,,,,,,,,,,,,
2005,201575,Brandon,Rush,Brandon Rush,SG-SF,77.0,6' 5'',78.5,6' 6.5'',211.4,83.25,6' 11.25'',104.5,8' 8.5'',,,,32.5,35.0,11.33,,3.31,0.0,,,,,,,,,,,,,,,,,,,,,,,
2005,101195,Luke,Schenscher,Luke Schenscher,C,83.75,6' 11.75'',85.5,7' 1.5'',241.6,89.0,7' 5'',111.5,9' 3.5'',,,,23.5,26.5,12.4,,3.47,1.0,,,,,,,,,,,,,,,,,,,,,,,
2005,101134,Wayne,Simien,Wayne Simien,PF,79.25,6' 7.25'',81.0,6' 9'',255.8,84.0,7' 0'',107.0,8' 11'',,,,27.0,27.5,11.05,,3.35,11.0,,,,,,,,,,,,,,,,,,,,,,,
2005,12120,Tre,Simmons,Tre Simmons,SG-SF,76.0,6' 4'',77.0,6' 5'',194.2,79.5,6' 7.5'',102.5,8' 6.5'',,,,27.0,31.5,10.8,,3.18,3.0,,,,,,,,,,,,,,,,,,,,,,,
2005,12121,David,Simon,David Simon,C-PF,80.0,6' 8'',81.5,6' 9.5'',258.8,87.5,7' 3.5'',108.0,9' 0'',,,,28.0,33.0,11.98,,3.44,18.0,,,,,,,,,,,,,,,,,,,,,,,
2005,101147,Chris,Taft,Chris Taft,PF,80.5,6' 8.5'',81.5,6' 9.5'',261,85.75,7' 1.75'',109.0,9' 1'',,,,28.5,33.0,11.26,,3.27,14.0,,,,,,,,,,,,,,,,,,,,,,,
2005,12122,Chris,Thomas,Chris Thomas,PG,71.75,5' 11.75'',73.0,6' 1'',176.2,75.0,6' 3'',95.0,7' 11'',,,,28.5,34.0,10.84,,3.33,14.0,,,,,,,,,,,,,,,,,,,,,,,
2005,12119,Omar,Thomas,Omar Thomas,SF-SG,75.25,6' 3.25'',76.5,6' 4.5'',200,80.0,6' 8'',102.0,8' 6'',,,,25.0,29.5,11.11,,3.27,6.0,,,,,,,,,,,,,,,,,,,,,,,
2005,101159,Dijon,Thompson,Dijon Thompson,SF-SG,78.25,6' 6.25'',80.0,6' 8'',195.8,81.75,6' 9.75'',105.5,8' 9.5'',,,,,,,,,,,,,,,,,,,,,,,,,,,,,,,,
2005,101142,Ronny,Turiaf,Ronny Turiaf,PF,80.0,6' 8'',81.25,6' 9.25'',237.8,85.5,7' 1.5'',106.5,8' 10.5'',,,,30.5,33.0,11.5,,3.23,15.0,,,,,,,,,,,,,,,,,,,,,,,
2005,101111,Charlie,Villanueva,Charlie Villanueva,PF-SF,81.0,6' 9'',81.5,6' 9.5'',236.6,84.25,7' 0.25'',109.0,9' 1'',,,,26.0,31.0,10.86,,3.3,11.0,,,,,,,,,,,,,,,,,,,,,,,
2005,101124,Hakim,Warrick,Hakim Warrick,PF-SF,79.25,6' 7.25'',80.5,6' 8.5'',215,86.0,7' 2'',108.0,9' 0'',,,,33.0,38.0,,,3.22,11.0,,,,,,,,,,,,,,,,,,,,,,,
2005,101110,Martell,Webster,Martell Webster,SF,78.0,6' 6'',79.5,6' 7.5'',229.6,83.0,6' 11'',106.0,8' 10'',,,,28.0,30.5,11.39,,3.39,7.0,,,,,,,,,,,,,,,,,,,,,,,
2005,101156,Robert,Whaley,Robert Whaley,PF-C,80.0,6' 8'',81.0,6' 9'',269.4,86.0,7' 2'',108.0,9' 0'',,,,28.5,33.5,12.11,,3.25,15.0,,,,,,,,,,,,,,,,,,,,,,,
2005,101107,Marvin,Williams,Marvin Williams,PF-SF,79.0,6' 7'',80.25,6' 8.25'',228.2,87.5,7' 3.5'',108.0,9' 0'',,,,29.5,35.0,11.11,,3.17,12.0,,,,,,,,,,,,,,,,,,,,,,,
2005,101114,Deron,Williams,Deron Williams,PG,73.75,6' 1.75'',74.75,6' 2.75'',202.4,78.25,6' 6.25'',98.0,8' 2'',,,,30.0,35.0,10.83,,3.25,15.0,,,,,,,,,,,,,,,,,,,,,,,
2005,101214,Jawad,Williams,Jawad Williams,SF,79.0,6' 7'',80.0,6' 8'',218,85.25,7' 1.25'',106.5,8' 10.5'',,,,28.0,34.0,11.39,,3.23,15.0,,,,,,,,,,,,,,,,,,,,,,,
2005,101120,Antoine,Wright,Antoine Wright,SF-SG,77.25,6' 5.25'',78.25,6' 6.25'',202.6,80.75,6' 8.75'',104.5,8' 8.5'',,,,26.5,29.5,11.45,,3.41,12.0,,,,,,,,,,,,,,,,,,,,,,,
2005,101152,Bracey,Wright,Bracey Wright,SG-PG,73.25,6' 1.25'',74.5,6' 2.5'',186.8,82.0,6' 10'',100.5,8' 4.5'',,,,30.0,36.0,11.58,,3.27,8.0,,,,,,,,,,,,,,,,,,,,,,,
2007,12204,Mohamed,Abukar,Mohamed Abukar,SF,80.0,6' 8'',81.75,6' 9.75'',210,81.0,6' 9'',103.0,8' 7'',8.9,,,30.5,35.0,11.78,,3.37,15.0,,,,,,,,,,,,,,,,,,,,,,,
2007,12205,Mario,Boggan,Mario Boggan,PF,77.0,6' 5'',79.0,6' 7'',240,86.0,7' 2'',107.0,8' 11'',9.2,,,24.0,26.5,12.18,,3.45,12.0,,,,,,,,,,,,,,,,,,,,,,,
2007,12206,Craig,Bradshaw,Craig Bradshaw,PF,80.0,6' 8'',81.75,6' 9.75'',240,85.5,7' 1.5'',106.5,8' 10.5'',12.1,,,26.0,28.0,11.88,,3.54,12.0,,,,,,,,,,,,,,,,,,,,,,,
2007,201147,Corey,Brewer,Corey Brewer,SF-SG,78.0,6' 6'',79.75,6' 7.75'',185,80.25,6' 8.25'',103.0,8' 7'',4.2,,,30.5,36.5,11.69,,3.22,11.0,,,,,,,,,,,,,,,,,,,,,,,
2007,201166,Aaron,Brooks,Aaron Brooks,PG,70.0,5' 10'',71.75,5' 11.75'',161,76.0,6' 4'',94.0,7' 10'',2.7,,,32.5,39.5,10.57,,3.2,6.0,,,,,,,,,,,,,,,,,,,,,,,
2007,201628,Bobby,Brown,Bobby Brown,PG,71.0,5' 11'',73.75,6' 1.75'',170,76.0,6' 4'',95.5,7' 11.5'',6.6,,,32.5,41.0,11.27,,3.25,3.0,,,,,,,,,,,,,,,,,,,,,,,
2007,201469,Russell,Carter,Russell Carter,SG,75.0,6' 3'',76.5,6' 4.5'',221,80.5,6' 8.5'',97.5,8' 1.5'',6.0,,,33.0,38.5,11.61,,3.29,25.0,,,,,,,,,,,,,,,,,,,,,,,
2007,12207,Coleman,Collins,Coleman Collins,PF,80.0,6' 8'',81.75,6' 9.75'',236,86.0,7' 2'',107.0,8' 11'',6.2,,,30.0,35.0,11.47,,,21.0,,,,,,,,,,,,,,,,,,,,,,,
2007,201144,Mike,Conley,Mike Conley,PG,71.0,5' 11'',72.75,6' 0.75'',175,77.75,6' 5.75'',94.5,7' 10.5'',4.2,,,35.5,40.5,11.63,,3.09,13.0,,,,,,,,,,,,,,,,,,,,,,,
2007,201161,Daequan,Cook,Daequan Cook,SG,75.0,6' 3'',77.75,6' 5.75'',203,80.25,6' 8.25'',101.5,8' 5.5'',7.0,,,30.0,34.5,11.12,,3.22,4.0,,,,,,,,,,,,,,,,,,,,,,,
2007,12208,Ryvon,Covile,Ryvon Covile,C-PF,79.0,6' 7'',80.5,6' 8.5'',250,85.25,7' 1.25'',107.5,8' 11.5'',8.0,,,25.0,30.5,12.52,,3.37,19.0,,,,,,,,,,,,,,,,,,,,,,,
2007,201159,Javaris,Crittenton,Javaris Crittenton,PG,75.0,6' 3'',76.75,6' 4.75'',194,77.5,6' 5.5'',98.0,8' 2'',4.5,,,32.5,38.0,11.6,,3.32,11.0,,,,,,,,,,,,,,,,,,,,,,,
2007,201176,Jermareo,Davidson,Jermareo Davidson,PF,81.0,6' 9'',83.0,6' 11'',230,88.0,7' 4'',109.5,9' 1.5'',6.9,,,27.0,30.0,12.63,,3.53,7.0,,,,,,,,,,,,,,,,,,,,,,,
2007,12209,Justin,Doellman,Justin Doellman,PF,80.0,6' 8'',81.5,6' 9.5'',205,80.75,6' 8.75'',105.0,8' 9'',7.0,,,,,,,,19.0,,,,,,,,,,,,,,,,,,,,,,,
2007,12210,Zabian,Dowdell,Zabian Dowdell,PG,73.0,6' 1'',75.0,6' 3'',191,82.0,6' 10'',100.0,8' 4'',5.1,,,30.0,33.5,11.13,,3.29,3.0,,,,,,,,,,,,,,,,,,,,,,,
2007,201162,Jared,Dudley,Jared Dudley,SF,77.0,6' 5'',79.25,6' 7.25'',219,79.0,6' 7'',102.0,8' 6'',7.1,,,28.0,32.0,11.32,,3.45,14.0,,,,,,,,,,,,,,,,,,,,,,,
2007,201142,Kevin,Durant,Kevin Durant,SF-PF,81.0,6' 9'',82.25,6' 10.25'',215,88.75,7' 4.75'',110.0,9' 2'',6.6,,,26.0,33.5,12.33,,3.45,0.0,,,,,,,,,,,,,,,,,,,,,,,
2007,12211,Rashaun,Freeman,Rashaun Freeman,PF,78.0,6' 6'',80.0,6' 8'',244,83.5,6' 11.5'',104.0,8' 8'',11.5,,,28.0,32.0,11.43,,3.41,20.0,,,,,,,,,,,,,,,,,,,,,,,
2007,201189,Aaron,Gray,Aaron Gray,C,84.0,7' 0'',85.75,7' 1.75'',271,87.25,7' 3.25'',108.5,9' 0.5'',10.8,,,27.0,32.5,12.07,,3.7,17.0,,,,,,,,,,,,,,,,,,,,,,,
2007,12212,Caleb,Green,Caleb Green,PF,78.0,6' 6'',80.0,6' 8'',238,83.75,6' 11.75'',103.0,8' 7'',10.9,,,28.5,36.0,11.72,,3.46,9.0,,,,,,,,,,,,,,,,,,,,,,,
2007,201145,Jeff,Green,Jeff Green,SF,79.0,6' 7'',81.5,6' 9.5'',228,85.25,7' 1.25'',103.0,8' 7'',3.7,,,33.5,38.0,12.0,,3.34,17.0,,,,,,,,,,,,,,,,,,,,,,,
2007,201192,Taurean,Green,Taurean Green,PG,71.0,5' 11'',72.75,6' 0.75'',173,74.25,6' 2.25'',96.0,8' 0'',4.6,,,29.0,32.5,11.3,,3.26,8.0,,,,,,,,,,,,,,,,,,,,,,,
2007,201150,Spencer,Hawes,Spencer Hawes,PF,82.0,6' 10'',84.75,7' 0.75'',244,84.5,7' 0.5'',110.0,9' 2'',13.0,,,26.0,29.0,11.88,,3.51,9.0,,,,,,,,,,,,,,,,,,,,,,,
2007,12214,Brandon,Heath,Brandon Heath,PG,74.0,6' 2'',75.75,6' 3.75'',181,79.0,6' 7'',94.0,7' 10'',9.0,,,32.0,36.0,11.39,,3.28,11.0,,,,,,,,,,,,,,,,,,,,,,,
2007,201195,Herbert,Hill,Herbert Hill,C,79.0,6' 7'',81.75,6' 9.75'',232,86.25,7' 2.25'',108.5,9' 0.5'',5.6,,,30.5,34.0,12.31,,3.39,15.0,,,,,,,,,,,,,,,,,,,,,,,
2007,201143,Al,Horford,Al Horford,PF,80.0,6' 8'',81.75,6' 9.75'',246,84.75,7' 0.75'',107.0,8' 11'',9.1,,,31.0,35.5,12.15,,3.37,20.0,,,,,,,,,,,,,,,,,,,,,,,
2007,12215,Quinton,Hosley,Quinton Hosley,SF-SG,77.0,6' 5'',79.75,6' 7.75'',215,83.25,6' 11.25'',105.0,8' 9'',5.7,,,28.5,34.0,12.47,,3.32,12.0,,,,,,,,,,,,,,,,,,,,,,,
2007,12216,James,Hughes,James Hughes,C,81.0,6' 9'',82.75,6' 10.75'',209,87.0,7' 3'',111.0,9' 3'',3.5,,,31.0,33.0,13.31,,3.37,8.0,,,,,,,,,,,,,,,,,,,,,,,
2007,12217,Jeremy,Hunt,Jeremy Hunt,SG,74.0,6' 2'',76.75,6' 4.75'',198,80.25,6' 8.25'',101.5,8' 5.5'',5.2,,,30.5,33.0,12.11,,3.29,10.0,,,,,,,,,,,,,,,,,,,,,,,
2007,12218,Ekene,Ibekwe,Ekene Ibekwe,PF,80.0,6' 8'',81.0,6' 9'',208,90.0,7' 6'',104.0,8' 8'',3.2,,,34.5,39.0,11.0,,3.28,10.0,,,,,,,,,,,,,,,,,,,,,,,
2007,12219,Dominic,James,Dominic James,PG,70.0,5' 10'',71.75,5' 11.75'',175,74.0,6' 2'',93.0,7' 9'',4.8,,,33.5,38.5,10.94,,3.11,14.0,,,,,,,,,,,,,,,,,,,,,,,
2007,201234,Trey,Johnson,Trey Johnson,SG,75.0,6' 3'',77.75,6' 5.75'',216,77.0,6' 5'',98.0,8' 2'',5.4,,,26.5,35.0,11.78,,3.31,18.0,,,,,,,,,,,,,,,,,,,,,,,
2007,12220,Rashad,Jones-Jennings,Rashad Jones-Jennings,PF,78.0,6' 6'',79.5,6' 7.5'',235,84.0,7' 0'',105.5,8' 9.5'',5.9,,,25.0,30.0,12.18,,3.29,20.0,,,,,,,,,,,,,,,,,,,,,,,
2007,201185,Jared,Jordan,Jared Jordan,PG,72.0,6' 0'',73.75,6' 1.75'',183,72.0,6' 0'',94.0,7' 10'',7.0,,,24.5,28.5,11.02,,3.39,6.0,,,,,,,,,,,,,,,,,,,,,,,
2007,201207,Coby,Karl,Coby Karl,SG-PG,75.0,6' 3'',76.75,6' 4.75'',204,83.0,6' 11'',99.5,8' 3.5'',5.4,,,32.0,34.5,11.57,,3.41,9.0,,,,,,,,,,,,,,,,,,,,,,,
2007,12221,Antanas,Kavaliauskas,Antanas Kavaliauskas,PF,81.0,6' 9'',82.5,6' 10.5'',237,82.5,6' 10.5'',106.5,8' 10.5'',7.7,,,25.5,30.0,11.19,,3.42,19.0,,,,,,,,,,,,,,,,,,,,,,,
2007,201171,Carl,Landry,Carl Landry,PF,79.0,6' 7'',80.5,6' 8.5'',248,83.0,6' 11'',102.5,8' 6.5'',7.5,,,31.5,36.5,11.35,,3.29,21.0,,,,,,,,,,,,,,,,,,,,,,,
2007,201186,Stephane,Lasme,Stephane Lasme,PF,77.0,6' 5'',79.0,6' 7'',213,86.0,7' 2'',107.0,8' 11'',4.9,,,29.5,36.0,11.73,,3.22,17.0,,,,,,,,,,,,,,,,,,,,,,,
2007,201151,Acie,Law,Acie Law,PG,74.0,6' 2'',75.5,6' 3.5'',186,78.5,6' 6.5'',98.0,8' 2'',5.6,,,29.0,34.0,11.0,,3.22,8.0,,,,,,,,,,,,,,,,,,,,,,,
2007,12222,Marko,Lekic,Marko Lekic,C,81.0,6' 9'',82.5,6' 10.5'',267,85.0,7' 1'',108.5,9' 0.5'',11.4,,,24.0,30.5,11.96,,3.43,19.0,,,,,,,,,,,,,,,,,,,,,,,
2007,12223,Ron,Lewis,Ron Lewis,SG,74.0,6' 2'',76.5,6' 4.5'',194,78.5,6' 6.5'',99.0,8' 3'',4.5,,,33.0,38.0,11.59,,3.22,16.0,,,,,,,,,,,,,,,,,,,,,,,
2007,201858,Cartier,Martin,Cartier Martin,SF,76.0,6' 4'',78.5,6' 6.5'',218,82.0,6' 10'',103.5,8' 7.5'',5.6,,,27.0,29.5,12.1,,3.43,11.0,,,,,,,,,,,,,,,,,,,,,,,
2007,201187,Dominic,McGuire,Dominic McGuire,SF,79.0,6' 7'',80.25,6' 8.25'',220,82.5,6' 10.5'',104.0,8' 8'',4.7,,,28.5,34.5,10.95,,3.25,12.0,,,,,,,,,,,,,,,,,,,,,,,
2007,201177,Josh,McRoberts,Josh McRoberts,PF,80.0,6' 8'',82.0,6' 10'',240,85.0,7' 1'',106.5,8' 10.5'',13.7,,,27.5,31.5,11.7,,3.47,12.0,,,,,,,,,,,,,,,,,,,,,,,
2007,201197,Sammy,Mejia,Sammy Mejia,SG,77.0,6' 5'',79.0,6' 7'',218,83.0,6' 11'',105.0,8' 9'',8.3,,,27.0,31.5,11.87,,3.49,7.0,,,,,,,,,,,,,,,,,,,,,,,
2007,12224,Brad,Newley,Brad Newley,SG,77.0,6' 5'',78.5,6' 6.5'',201,80.0,6' 8'',102.5,8' 6.5'',8.0,,,29.5,31.5,11.77,,3.29,3.0,,,,,,,,,,,,,,,,,,,,,,,
2007,201193,Demetris,Nichols,Demetris Nichols,SF,78.0,6' 6'',79.5,6' 7.5'',211,84.25,7' 0.25'',105.0,8' 9'',6.2,,,28.5,32.5,10.39,,3.38,16.0,,,,,,,,,,,,,,,,,,,,,,,
2007,201149,Joakim,Noah,Joakim Noah,PF,82.0,6' 10'',84.0,7' 0'',223,85.25,7' 1.25'',106.5,8' 10.5'',4.8,,,32.5,37.5,11.79,,3.47,12.0,,,,,,,,,,,,,,,,,,,,,,,
2007,201141,Greg,Oden,Greg Oden,C,83.0,6' 11'',84.0,7' 0'',257,88.25,7' 4.25'',112.0,9' 4'',7.8,,,32.0,34.0,11.67,,3.27,,,,,,,,,,,,,,,,,,,,,,,,
2007,12225,Ivan,Radenovic,Ivan Radenovic,PF,81.0,6' 9'',82.75,6' 10.75'',226,83.75,6' 11.75'',106.0,8' 10'',9.8,,,23.0,28.0,11.61,,3.6,7.0,,,,,,,,,,,,,,,,,,,,,,,
2007,12226,JR,Reynolds,JR Reynolds,PG,72.0,6' 0'',74.75,6' 2.75'',188,75.25,6' 3.25'',95.0,7' 11'',8.2,,,27.5,34.5,11.69,,3.24,15.0,,,,,,,,,,,,,,,,,,,,,,,
2007,201181,Chris,Richard,Chris Richard,PF,79.0,6' 7'',80.75,6' 8.75'',252,88.5,7' 4.5'',110.5,9' 2.5'',7.5,,,26.5,30.5,11.39,,3.29,15.0,,,,,,,,,,,,,,,,,,,,,,,
2007,12227,Dustin,Salisbery,Dustin Salisbery,SG,75.0,6' 3'',76.75,6' 4.75'',208,80.0,6' 8'',100.5,8' 4.5'',6.6,,,34.0,38.0,11.07,,3.12,11.0,,,,,,,,,,,,,,,,,,,,,,,
2007,12228,Blake,Schilb,Blake Schilb,SG,77.0,6' 5'',79.0,6' 7'',214,81.0,6' 9'',102.5,8' 6.5'',10.0,,,26.5,33.5,11.63,,3.36,11.0,,,,,,,,,,,,,,,,,,,,,,,
2007,12229,Renaldas,Seibutis,Renaldas Seibutis,SG,76.0,6' 4'',77.75,6' 5.75'',185,80.75,6' 8.75'',101.0,8' 5'',6.1,,,24.0,32.5,11.33,,3.39,1.0,,,,,,,,,,,,,,,,,,,,,,,
2007,201196,Ramon,Sessions,Ramon Sessions,PG,74.0,6' 2'',75.75,6' 3.75'',185,76.25,6' 4.25'',97.5,8' 1.5'',6.2,,,29.5,33.5,11.65,,3.27,8.0,,,,,,,,,,,,,,,,,,,,,,,
2007,201203,Mustafa,Shakur,Mustafa Shakur,PG,75.0,6' 3'',76.5,6' 4.5'',185,77.5,6' 5.5'',99.0,8' 3'',4.1,,,28.5,35.0,11.82,,3.27,11.0,,,,,,,,,,,,,,,,,,,,,,,
2007,201160,Jason,Smith,Jason Smith,PF,82.75,6' 10.75'',83.5,6' 11.5'',233,82.75,6' 10.75'',106.0,8' 10'',7.5,,,33.5,37.5,10.96,,3.29,15.0,,,,,,,,,,,,,,,,,,,,,,,
2007,201199,DJ,Strawberry,DJ Strawberry,SG,75.75,6' 3.75'',77.0,6' 5'',199,78.5,6' 6.5'',101.0,8' 5'',4.5,,,28.5,35.0,10.87,,3.14,21.0,,,,,,,,,,,,,,,,,,,,,,,
2007,201155,Rodney,Stuckey,Rodney Stuckey,SG-PG,75.75,6' 3.75'',76.5,6' 4.5'',207,79.25,6' 7.25'',100.5,8' 4.5'',6.1,,,30.5,35.0,11.34,,3.11,14.0,,,,,,,,,,,,,,,,,,,,,,,
2007,12230,Curtis,Sumpter,Curtis Sumpter,SF,78.0,6' 6'',79.75,6' 7.75'',227,81.5,6' 9.5'',104.0,8' 8'',5.3,,,27.5,32.5,11.3,,3.22,12.0,,,,,,,,,,,,,,,,,,,,,,,
2007,201180,Yue,Sun,Yue Sun,SF,79.75,6' 7.75'',80.75,6' 8.75'',212,81.0,6' 9'',105.0,8' 9'',5.1,,,29.0,34.0,10.68,,3.45,9.0,,,,,,,,,,,,,,,,,,,,,,,
2007,201249,Jamaal,Tatum,Jamaal Tatum,PG,71.5,5' 11.5'',72.75,6' 0.75'',168,74.5,6' 2.5'',93.5,7' 9.5'',5.0,,,28.5,33.0,11.51,,3.22,7.0,,,,,,,,,,,,,,,,,,,,,,,
2007,12232,Reyshawn,Terry,Reyshawn Terry,SF,78.75,6' 6.75'',79.5,6' 7.5'',222,82.0,6' 10'',103.5,8' 7.5'',8.9,,,31.0,37.5,11.76,,3.26,18.0,,,,,,,,,,,,,,,,,,,,,,,
2007,201154,Al,Thornton,Al Thornton,SF,77.75,6' 5.75'',79.0,6' 7'',221,85.0,7' 1'',104.0,8' 8'',5.8,,,35.0,41.0,11.96,,3.16,9.0,,,,,,,,,,,,,,,,,,,,,,,
2007,201229,Anthony,Tolliver,Anthony Tolliver,PF,79.0,6' 7'',80.5,6' 8.5'',242,86.5,7' 2.5'',107.5,8' 11.5'',5.7,,,28.5,30.0,11.49,,3.29,21.0,,,,,,,,,,,,,,,,,,,,,,,
2007,12233,Ali,Traore,Ali Traore,C-PF,80.75,6' 8.75'',81.75,6' 9.75'',249,88.0,7' 4'',108.5,9' 0.5'',12.1,,,25.0,29.0,12.16,,3.52,11.0,,,,,,,,,,,,,,,,,,,,,,,
2007,12234,Kyle,Visser,Kyle Visser,C,82.0,6' 10'',83.5,6' 11.5'',242,83.0,6' 11'',108.0,9' 0'',10.2,,,26.0,29.0,12.6,,3.39,18.0,,,,,,,,,,,,,,,,,,,,,,,
2007,201208,Darryl,Watkins,Darryl Watkins,C,80.75,6' 8.75'',82.25,6' 10.25'',241,87.0,7' 3'',110.0,9' 2'',6.9,,,26.5,31.0,11.65,,3.56,14.0,,,,,,,,,,,,,,,,,,,,,,,
2007,12235,Major,Wingate,Major Wingate,C,80.5,6' 8.5'',82.75,6' 10.75'',242,88.0,7' 4'',109.0,9' 1'',6.7,,,27.5,30.5,12.14,,3.47,15.0,,,,,,,,,,,,,,,,,,,,,,,
2007,12236,DaShaun,Wood,DaShaun Wood,PG,70.75,5' 10.75'',71.5,5' 11.5'',167,72.75,6' 0.75'',92.0,7' 8'',5.4,,,31.5,34.5,11.4,,3.23,13.0,,,,,,,,,,,,,,,,,,,,,,,
2007,201153,Julian,Wright,Julian Wright,SF-PF,78.5,6' 6.5'',80.5,6' 8.5'',211,86.25,7' 2.25'',108.0,9' 0'',6.1,,,28.5,33.5,11.48,,3.36,2.0,,,,,,,,,,,,,,,,,,,,,,,
2007,201148,Brandan,Wright,Brandan Wright,PF,80.75,6' 8.75'',82.0,6' 10'',200,87.75,7' 3.75'',108.5,9' 0.5'',5.8,,,30.5,35.5,11.76,,3.31,2.0,,,,,,,,,,,,,,,,,,,,,,,
2007,12237,Avis,Wyatt,Avis Wyatt,PF,80.75,6' 8.75'',81.5,6' 9.5'',212,85.0,7' 1'',107.0,8' 11'',3.3,,,27.5,32.0,11.46,,3.23,12.0,,,,,,,,,,,,,,,,,,,,,,,
2007,201146,Jianlian,Yi,Jianlian Yi,,,,,,,,,,,,,,,,,,,,,,,,,,,,,,,,,,,,,,,,,,
2007,201156,Nick,Young,Nick Young,SG-SF,77.0,6' 5'',78.75,6' 6.75'',206,84.0,7' 0'',100.5,8' 4.5'',6.8,,,39.5,40.5,11.0,,3.25,6.0,,,,,,,,,,,,,,,,,,,,,,,
2007,201152,Thaddeus,Young,Thaddeus Young,SF,77.75,6' 5.75'',79.5,6' 7.5'',210,83.5,6' 11.5'',106.0,8' 10'',4.9,,,34.5,37.0,11.06,,3.19,13.0,,,,,,,,,,,,,,,,,,,,,,,
2008,201570,Joe,Alexander,Joe Alexander,SF-PF,79.25,6' 7.25'',80.25,6' 8.25'',220,83.5,6' 11.5'',106.0,8' 10'',5.8,,,32.5,38.5,11.33,,2.99,24.0,,,,,,,,,,,,,,,,,,,,,,,
2008,201589,Darrell,Arthur,Darrell Arthur,PF,79.5,6' 7.5'',80.5,6' 8.5'',216,82.75,6' 10.75'',107.0,8' 11'',7.3,,,28.5,30.0,12.18,,3.14,12.0,,,,,,,,,,,,,,,,,,,,,,,
2008,201571,D.J.,Augustin,D.J. Augustin,PG,70.0,5' 10'',71.5,5' 11.5'',171.5,75.5,6' 3.5'',94.5,7' 10.5'',8.1,,,28.5,35.0,11.27,,3.07,2.0,,,,,,,,,,,,,,,,,,,,,,,
2008,201573,Jerryd,Bayless,Jerryd Bayless,PG-SG,73.75,6' 1.75'',75.0,6' 3'',204,75.5,6' 3.5'',97.0,8' 1'',4.7,,,31.0,38.0,11.26,,3.07,10.0,,,,,,,,,,,,,,,,,,,,,,,
2008,201563,Michael,Beasley,Michael Beasley,PF-SF,79.0,6' 7'',80.25,6' 8.25'',239,84.25,7' 0.25'',107.0,8' 11'',7.7,,,30.0,35.0,11.06,,3.24,19.0,,,,,,,,,,,,,,,,,,,,,,,
2008,12239,Ramel,Bradley,Ramel Bradley,PG-SG,73.25,6' 1.25'',74.25,6' 2.25'',184,77.0,6' 5'',98.0,8' 2'',5.7,,,24.5,29.5,10.68,,3.24,9.0,,,,,,,,,,,,,,,,,,,,,,,
2008,12240,Tyrone,Brazelton,Tyrone Brazelton,PG,70.0,5' 10'',71.0,5' 11'',166,73.75,6' 1.75'',94.0,7' 10'',8.1,,,30.0,34.0,11.59,,3.25,8.0,,,,,,,,,,,,,,,,,,,,,,,
2008,12241,Takais,Brown,Takais Brown,PF,79.25,6' 7.25'',80.5,6' 8.5'',252,82.0,6' 10'',106.0,8' 10'',9.2,,,29.0,31.0,12.47,,3.25,22.0,,,,,,,,,,,,,,,,,,,,,,,
2008,201812,Keith,Brumbaugh,Keith Brumbaugh,SF-PF,79.5,6' 7.5'',80.75,6' 8.75'',190,79.25,6' 7.25'',104.5,8' 8.5'',4.0,,,26.0,27.0,11.65,,3.28,2.0,,,,,,,,,,,,,,,,,,,,,,,
2008,201868,Stanley,Burrell,Stanley Burrell,PG,73.5,6' 1.5'',74.5,6' 2.5'',201,78.25,6' 6.25'',97.5,8' 1.5'',5.6,,,29.5,34.5,11.19,,3.19,21.0,,,,,,,,,,,,,,,,,,,,,,,
2008,12242,Brian,Butch,Brian Butch,C-PF,81.5,6' 9.5'',83.0,6' 11'',229.6,83.25,6' 11.25'',108.0,9' 0'',10.8,,,24.0,26.5,11.87,,3.52,9.0,,,,,,,,,,,,,,,,,,,,,,,
2008,12243,Jamar,Butler,Jamar Butler,PG,72.25,6' 0.25'',73.5,6' 1.5'',182,76.75,6' 4.75'',97.0,8' 1'',6.0,,,,,,,,15.0,,,,,,,,,,,,,,,,,,,,,,,
2008,12244,Pat,Calathes,Pat Calathes,SF-PF,80.75,6' 8.75'',81.75,6' 9.75'',204,81.75,6' 9.75'',106.0,8' 10'',7.3,,,,,,,,7.0,,,,,,,,,,,,,,,,,,,,,,,
2008,12245,Joe,Crawford,Joe Crawford,SG,75.0,6' 3'',76.0,6' 4'',213,77.75,6' 5.75'',99.5,8' 3.5'',7.6,,,31.0,36.0,11.67,,3.22,13.0,,,,,,,,,,,,,,,,,,,,,,,
2008,12246,Chris,Daniels,Chris Daniels,C-PF,80.25,6' 8.25'',81.5,6' 9.5'',256,84.5,7' 0.5'',109.0,9' 1'',16.1,,,26.0,28.5,12.72,,3.56,11.0,,,,,,,,,,,,,,,,,,,,,,,
2008,201595,Joey,Dorsey,Joey Dorsey,PF-C,78.25,6' 6.25'',79.25,6' 7.25'',265,85.75,7' 1.75'',107.0,8' 11'',9.0,,,27.5,33.0,11.84,,3.2,19.0,,,,,,,,,,,,,,,,,,,,,,,
2008,12247,Marcus,Dove,Marcus Dove,SF-PF,78.75,6' 6.75'',79.5,6' 7.5'',208,83.5,6' 11.5'',105.0,8' 9'',5.3,,,27.5,33.5,11.59,,3.26,10.0,,,,,,,,,,,,,,,,,,,,,,,
2008,12248,Josh,Duncan,Josh Duncan,PF,80.0,6' 8'',81.0,6' 9'',230,83.5,6' 11.5'',104.5,8' 8.5'',5.4,,,28.0,32.0,12.47,,3.26,26.0,,,,,,,,,,,,,,,,,,,,,,,
2008,12249,Frank,Elegar,Frank Elegar,PF,79.25,6' 7.25'',80.75,6' 8.75'',210,87.25,7' 3.25'',106.0,8' 10'',4.5,,,33.5,37.5,11.86,,3.17,11.0,,,,,,,,,,,,,,,,,,,,,,,
2008,201607,Patrick,Ewing Jr.,Patrick Ewing Jr.,SF-PF,78.0,6' 6'',79.25,6' 7.25'',224,84.25,7' 0.25'',97.5,8' 1.5'',9.4,,,35.0,42.0,11.77,,3.43,2.0,,,,,,,,,,,,,,,,,,,,,,,
2008,201814,Gary,Forbes,Gary Forbes,SG,76.5,6' 4.5'',77.75,6' 5.75'',220.5,83.25,6' 11.25'',104.5,8' 8.5'',6.5,,,27.5,33.5,11.45,,3.25,13.0,,,,,,,,,,,,,,,,,,,,,,,
2008,12250,Shan,Foster,Shan Foster,SG,76.0,6' 4'',77.25,6' 5.25'',194.5,83.5,6' 11.5'',103.5,8' 7.5'',6.3,,,30.0,33.0,12.3,,3.24,10.0,,,,,,,,,,,,,,,,,,,,,,,
2008,201592,J.R.,Giddens,J.R. Giddens,SG,76.0,6' 4'',76.75,6' 4.75'',208,83.25,6' 11.25'',103.0,8' 7'',5.4,,,,,,,,10.0,,,,,,,,,,,,,,,,,,,,,,,
2008,12251,James,Gist,James Gist,PF,79.0,6' 7'',80.5,6' 8.5'',220,88.0,7' 4'',107.5,8' 11.5'',4.8,,,30.5,35.0,11.37,,3.14,5.0,,,,,,,,,,,,,,,,,,,,,,,
2008,12252,Vladimir,Golubovic,Vladimir Golubovic,C,83.25,6' 11.25'',84.25,7' 0.25'',258,86.5,7' 2.5'',111.5,9' 3.5'',6.9,,,21.5,27.0,12.4,,3.33,15.0,,,,,,,,,,,,,,,,,,,,,,,
2008,201569,Eric,Gordon,Eric Gordon,SG,74.0,6' 2'',75.25,6' 3.25'',222,81.0,6' 9'',99.0,8' 3'',8.2,,,32.0,40.0,10.81,,3.01,15.0,,,,,,,,,,,,,,,,,,,,,,,
2008,201863,Kentrell,Gransberry,Kentrell Gransberry,C,78.75,6' 6.75'',79.75,6' 7.75'',290,82.25,6' 10.25'',106.0,8' 10'',17.4,,,24.5,27.5,12.16,,3.32,18.0,,,,,,,,,,,,,,,,,,,,,,,
2008,201590,Donte,Greene,Donte Greene,SF-PF,80.25,6' 8.25'',81.0,6' 9'',221,82.0,6' 10'',108.0,9' 0'',7.6,,,27.5,31.5,11.21,,3.2,2.0,,,,,,,,,,,,,,,,,,,,,,,
2008,201612,Malik,Hairston,Malik Hairston,SG,76.25,6' 4.25'',77.25,6' 5.25'',204,81.0,6' 9'',103.5,8' 7.5'',6.9,,,30.5,38.0,11.33,,3.08,13.0,,,,,,,,,,,,,,,,,,,,,,,
2008,201614,DeVon,Hardin,DeVon Hardin,C-PF,81.5,6' 9.5'',82.75,6' 10.75'',235,87.0,7' 3'',109.5,9' 1.5'',5.8,,,29.5,32.0,11.49,,3.33,20.0,,,,,,,,,,,,,,,,,,,,,,,
2008,201613,Richard,Hendrix,Richard Hendrix,PF,78.75,6' 6.75'',80.75,6' 8.75'',250,87.0,7' 3'',108.0,9' 0'',9.2,,,26.5,28.0,10.62,,3.27,13.0,,,,,,,,,,,,,,,,,,,,,,,
2008,201588,George,Hill,George Hill,PG,73.25,6' 1.25'',74.5,6' 2.5'',181,81.0,6' 9'',97.5,8' 1.5'',3.0,,,34.0,37.5,12.2,,3.07,9.0,,,,,,,,,,,,,,,,,,,,,,,
2008,12254,Kyle,Hines,Kyle Hines,SF-PF,75.75,6' 3.75'',77.25,6' 5.25'',234,85.25,7' 1.25'',104.5,8' 8.5'',3.6,,,28.5,33.0,12.17,,3.4,16.0,,,,,,,,,,,,,,,,,,,,,,,
2008,12255,Jiri,Hubalek,Jiri Hubalek,C-PF,81.5,6' 9.5'',83.0,6' 11'',226,82.75,6' 10.75'',109.0,9' 1'',8.8,,,20.5,26.0,12.26,,3.54,2.0,,,,,,,,,,,,,,,,,,,,,,,
2008,201991,Lester,Hudson,Lester Hudson,PG,71.75,5' 11.75'',73.0,6' 1'',196,80.75,6' 8.75'',98.5,8' 2.5'',3.4,,,30.5,36.0,11.15,,3.16,12.0,,,,,,,,,,,,,,,,,,,,,,,
2008,201629,Othello,Hunter,Othello Hunter,PF-SF,78.5,6' 6.5'',79.5,6' 7.5'',220,87.0,7' 3'',109.5,9' 1.5'',6.4,,,28.0,34.5,11.51,,3.18,7.0,,,,,,,,,,,,,,,,,,,,,,,
2008,201616,Darnell,Jackson,Darnell Jackson,PF,79.0,6' 7'',79.75,6' 7.75'',240.5,83.25,6' 11.25'',106.5,8' 10.5'',12.5,,,27.0,31.0,11.75,,3.26,11.0,,,,,,,,,,,,,,,,,,,,,,,
2008,12256,Shawn,James,Shawn James,PF,79.75,6' 7.75'',81.0,6' 9'',217,89.0,7' 5'',111.0,9' 3'',9.2,,,,,,,,6.0,,,,,,,,,,,,,,,,,,,,,,,
2008,12257,Davon,Jefferson,Davon Jefferson,SF,77.25,6' 5.25'',78.5,6' 6.5'',213,81.5,6' 9.5'',105.0,8' 9'',12.0,,,27.0,32.0,12.02,,3.36,2.0,,,,,,,,,,,,,,,,,,,,,,,
2008,12258,Joseph,Jones,Joseph Jones,PF,79.0,6' 7'',80.5,6' 8.5'',240,84.25,7' 0.25'',107.0,8' 11'',12.2,,,25.5,31.0,11.61,,3.33,16.0,,,,,,,,,,,,,,,,,,,,,,,
2008,201599,DeAndre,Jordan,DeAndre Jordan,C,81.75,6' 9.75'',83.0,6' 11'',250,90.0,7' 6'',113.5,9' 5.5'',7.5,,,26.0,30.5,12.3,,3.27,8.0,,,,,,,,,,,,,,,,,,,,,,,
2008,12253,Sasha,Kaun,Sasha Kaun,C-PF,81.0,6' 9'',82.75,6' 10.75'',247,88.0,7' 4'',110.0,9' 2'',9.6,,,29.0,32.0,12.06,,3.2,13.0,,,,,,,,,,,,,,,,,,,,,,,
2008,12260,Marcelus,Kemp,Marcelus Kemp,SG,75.0,6' 3'',76.25,6' 4.25'',221,80.5,6' 8.5'',103.5,8' 7.5'',9.0,,,26.0,30.0,11.79,,3.39,9.0,,,,,,,,,,,,,,,,,,,,,,,
2008,12261,Maarty,Leunen,Maarty Leunen,SF,79.25,6' 7.25'',80.5,6' 8.5'',222,80.0,6' 8'',102.5,8' 6.5'',8.9,,,29.5,34.5,11.57,,3.36,14.0,,,,,,,,,,,,,,,,,,,,,,,
2008,201848,Longar,Longar,Longar Longar,C,81.0,6' 9'',82.0,6' 10'',212.5,85.25,7' 1.25'',109.5,9' 1.5'',10.6,,,,,,,,14.0,,,,,,,,,,,,,,,,,,,,,,,
2008,201572,Brook,Lopez,Brook Lopez,C,83.25,6' 11.25'',84.5,7' 0.5'',258,89.5,7' 5.5'',113.0,9' 5'',6.3,,,27.5,30.5,12.77,,3.57,7.0,,,,,,,,,,,,,,,,,,,,,,,
2008,201567,Kevin,Love,Kevin Love,PF,79.75,6' 7.75'',81.5,6' 9.5'',255,83.25,6' 11.25'',106.0,8' 10'',12.9,,,29.5,35.0,11.17,,3.22,18.0,,,,,,,,,,,,,,,,,,,,,,,
2008,12262,Aleks,Maric,Aleks Maric,C,81.75,6' 9.75'',82.75,6' 10.75'',273,85.0,7' 1'',109.5,9' 1.5'',10.1,,,23.0,28.0,11.76,,3.35,15.0,,,,,,,,,,,,,,,,,,,,,,,
2008,201564,O.J.,Mayo,O.J. Mayo,SG-PG,75.25,6' 3.25'',76.25,6' 4.25'',200,78.0,6' 6'',99.5,8' 3.5'',6.3,,,30.5,41.0,11.04,,3.14,7.0,,,,,,,,,,,,,,,,,,,,,,,
2008,201651,James,Mays,James Mays,PF,78.75,6' 6.75'',79.75,6' 7.75'',227,85.75,7' 1.75'',105.0,8' 9'',8.8,,,29.5,35.0,11.23,,3.19,13.0,,,,,,,,,,,,,,,,,,,,,,,
2008,201601,Luc,Mbah a Moute,Luc Mbah a Moute,SF,77.75,6' 5.75'',79.5,6' 7.5'',221,86.5,7' 2.5'',103.5,8' 7.5'',7.0,,,32.0,38.5,11.71,,3.17,11.0,,,,,,,,,,,,,,,,,,,,,,,
2008,201580,JaVale,McGee,JaVale McGee,C-PF,83.0,6' 11'',84.0,7' 0'',241,90.0,7' 6'',114.5,9' 6.5'',5.3,,,27.0,32.5,12.75,,3.25,7.0,,,,,,,,,,,,,,,,,,,,,,,
2008,12263,Drew,Neitzel,Drew Neitzel,PG,71.75,5' 11.75'',72.75,6' 0.75'',175.5,74.5,6' 2.5'',95.0,7' 11'',6.2,,,25.5,32.0,11.19,,3.2,10.0,,,,,,,,,,,,,,,,,,,,,,,
2008,201634,DeMarcus,Nelson,DeMarcus Nelson,PG-SG,73.0,6' 1'',74.25,6' 2.25'',198,82.0,6' 10'',98.5,8' 2.5'',4.5,,,34.5,38.5,10.54,,3.13,19.0,,,,,,,,,,,,,,,,,,,,,,,
2008,201624,David,Padgett,David Padgett,C-PF,82.25,6' 10.25'',83.5,6' 11.5'',239.5,85.0,7' 1'',109.5,9' 1.5'',9.0,,,24.0,28.0,12.45,,3.45,17.0,,,,,,,,,,,,,,,,,,,,,,,
2008,12264,Jeremy,Pargo,Jeremy Pargo,PG,72.5,6' 0.5'',73.5,6' 1.5'',208,77.0,6' 5'',96.0,8' 0'',7.6,,,32.0,37.0,10.65,,3.07,7.0,,,,,,,,,,,,,,,,,,,,,,,
2008,12265,Trent,Plaisted,Trent Plaisted,PF,81.25,6' 9.25'',82.25,6' 10.25'',240,82.5,6' 10.5'',105.5,8' 9.5'',11.0,,,30.5,35.5,11.32,,3.17,14.0,,,,,,,,,,,,,,,,,,,,,,,
2008,12266,Quan,Prowell,Quan Prowell,SF-PF,78.75,6' 6.75'',79.75,6' 7.75'',225.5,82.5,6' 10.5'',103.5,8' 7.5'',6.5,,,32.0,36.0,11.79,,3.14,16.0,,,,,,,,,,,,,,,,,,,,,,,
2008,12267,Shaun,Pruitt,Shaun Pruitt,C-PF,80.25,6' 8.25'',81.0,6' 9'',242.2,85.0,7' 1'',107.5,8' 11.5'',13.8,,,27.0,32.5,11.3,,3.4,10.0,,,,,,,,,,,,,,,,,,,,,,,
2008,201576,Anthony,Randolph,Anthony Randolph,PF-SF,81.0,6' 9'',82.25,6' 10.25'',197,87.0,7' 3'',109.0,9' 1'',4.7,,,29.0,35.0,11.86,,3.26,7.0,,,,,,,,,,,,,,,,,,,,,,,
2008,12268,Charles,Rhodes,Charles Rhodes,PF,79.25,6' 7.25'',80.25,6' 8.25'',244,83.25,6' 11.25'',107.5,8' 11.5'',10.7,,,26.5,33.5,11.51,,3.13,14.0,,,,,,,,,,,,,,,,,,,,,,,
2008,12259,John,Riek,John Riek,C,82.5,6' 10.5'',84.0,7' 0'',237,92.75,7' 8.75'',,,11.0,,,,,,,,,,,,,,,,,,,,,,,,,,,,,,,
2008,12269,Brian,Roberts,Brian Roberts,PG,72.25,6' 0.25'',73.25,6' 1.25'',173,73.25,6' 1.25'',95.0,7' 11'',3.6,,,31.5,36.5,10.65,,3.05,10.0,,,,,,,,,,,,,,,,,,,,,,,
2008,201781,Russell,Robinson,Russell Robinson,PG,72.5,6' 0.5'',73.5,6' 1.5'',196,80.0,6' 8'',100.5,8' 4.5'',7.4,,,25.0,31.5,11.3,,3.15,8.0,,,,,,,,,,,,,,,,,,,,,,,
2008,12270,Richard,Roby,Richard Roby,SG-SF,76.25,6' 4.25'',77.5,6' 5.5'',203,81.75,6' 9.75'',104.0,8' 8'',9.2,,,,,,,,,,,,,,,,,,,,,,,,,,,,,,,
2008,201565,Derrick,Rose,Derrick Rose,PG,73.5,6' 1.5'',74.5,6' 2.5'',196,80.0,6' 8'',98.5,8' 2.5'',4.6,,,34.5,40.0,11.69,,3.05,10.0,,,,,,,,,,,,,,,,,,,,,,,
2008,201606,Sean,Singletary,Sean Singletary,PG,71.0,5' 11'',72.0,6' 0'',183.8,76.5,6' 4.5'',95.0,7' 11'',4.2,,,26.0,,,,,18.0,,,,,,,,,,,,,,,,,,,,,,,
2008,12271,Ronald,Steele,Ronald Steele,PG,72.25,6' 0.25'',73.5,6' 1.5'',183.5,76.25,6' 4.25'',97.5,8' 1.5'',8.1,,,25.0,29.5,11.08,,3.26,5.0,,,,,,,,,,,,,,,,,,,,,,,
2008,201446,Mike,Taylor,Mike Taylor,SG-PG,72.75,6' 0.75'',74.0,6' 2'',166.2,79.25,6' 7.25'',98.0,8' 2'',3.8,,,31.0,39.0,10.98,,3.08,2.0,,,,,,,,,,,,,,,,,,,,,,,
2008,12272,Bryce,Taylor,Bryce Taylor,SG,74.75,6' 2.75'',76.25,6' 4.25'',210,81.0,6' 9'',99.5,8' 3.5'',8.3,,,34.5,41.0,11.08,,3.19,16.0,,,,,,,,,,,,,,,,,,,,,,,
2008,201872,Mark,Tyndale,Mark Tyndale,SG-SF,74.75,6' 2.75'',75.5,6' 3.5'',217,83.0,6' 11'',103.5,8' 7.5'',6.7,,,27.0,33.5,12.52,,3.14,5.0,,,,,,,,,,,,,,,,,,,,,,,
2008,12273,Robert,Vaden,Robert Vaden,SG,75.5,6' 3.5'',76.5,6' 4.5'',199,80.0,6' 8'',101.0,8' 5'',6.2,,,26.0,29.5,11.97,,3.4,10.0,,,,,,,,,,,,,,,,,,,,,,,
2008,201622,Deron,Washington,Deron Washington,SF,77.25,6' 5.25'',78.25,6' 6.25'',198.5,81.0,6' 9'',102.5,8' 6.5'',7.2,,,34.0,40.0,11.03,,3.09,7.0,,,,,,,,,,,,,,,,,,,,,,,
2008,201603,Sonny,Weems,Sonny Weems,SG-SF,76.0,6' 4'',77.5,6' 5.5'',193,82.0,6' 10'',104.0,8' 8'',4.4,,,29.0,36.5,10.58,,2.96,12.0,,,,,,,,,,,,,,,,,,,,,,,
2008,201566,Russell,Westbrook,Russell Westbrook,PG,74.25,6' 2.25'',75.5,6' 3.5'',192,79.75,6' 7.75'',100.0,8' 4'',4.8,,,30.0,36.5,10.98,,3.08,12.0,,,,,,,,,,,,,,,,,,,,,,,
2008,199,Reggie,Williams,Reggie Williams,SG,75.25,6' 3.25'',76.0,6' 4'',199,81.25,6' 9.25'',103.0,8' 7'',5.3,,,31.5,36.5,11.32,,3.07,15.0,,,,,,,,,,,,,,,,,,,,,,,
2009,202399,Jeff,Adrien,Jeff Adrien,PF,77.25,6' 5.25'',78.5,6' 6.5'',236.2,86.0,7' 2'',107.5,8' 11.5'',7.9,,,27.5,31.5,11.34,,3.32,16.0,,,,,,,,,,,,,,,,,,,,,,,
2009,201965,Jeff,Ayres,Jeff Ayres,PF,80.75,6' 8.75'',82.0,6' 10'',239.6,85.0,7' 1'',107.0,8' 11'',5.5,,,31.0,35.0,11.98,,3.14,15.0,,,,,,,,,,,,,,,,,,,,,,,
2009,201958,Rodrigue,Beaubois,Rodrigue Beaubois,PG,73.25,6' 1.25'',74.25,6' 2.25'',182.4,81.75,6' 9.75'',100.0,8' 4'',7.9,,,29.5,39.0,10.49,,3.15,3.0,,,,,,,,,,,,,,,,,,,,,,,
2009,201971,DeJuan,Blair,DeJuan Blair,PF,77.25,6' 5.25'',78.5,6' 6.5'',276.6,86.0,7' 2'',106.5,8' 10.5'',12.0,,,26.0,33.0,11.5,,3.45,18.0,,,,,,,,,,,,,,,,,,,,,,,
2009,201974,Derrick,Brown,Derrick Brown,SF-PF,79.5,6' 7.5'',80.5,6' 8.5'',224.6,86.5,7' 2.5'',107.5,8' 11.5'',8.6,,,30.5,35.5,11.26,,3.13,20.0,,,,,,,,,,,,,,,,,,,,,,,
2009,201978,Chase,Budinger,Chase Budinger,SF-SG,78.25,6' 6.25'',79.0,6' 7'',206.4,79.0,6' 7'',101.0,8' 5'',10.0,,,29.5,38.5,11.08,,3.24,10.0,,,,,,,,,,,,,,,,,,,,,,,
2009,201960,DeMarre,Carroll,DeMarre Carroll,PF-SF,78.25,6' 6.25'',79.75,6' 7.75'',207.2,82.0,6' 10'',105.0,8' 9'',6.3,,,,,,,,,,,,,,,,,,,,,,,,,,,,,,,
2009,201956,Omri,Casspi,Omri Casspi,SF,79.75,6' 7.75'',81.25,6' 9.25'',211.2,81.25,6' 9.25'',106.5,8' 10.5'',8.6,,,25.5,32.5,11.15,,3.28,2.0,,,,,,,,,,,,,,,,,,,,,,,
2009,12275,Dionte,Christmas,Dionte Christmas,SG,76.25,6' 4.25'',77.5,6' 5.5'',210.8,81.0,6' 9'',102.5,8' 6.5'',7.1,,,27.0,33.5,10.83,,3.21,3.0,,,,,,,,,,,,,,,,,,,,,,,
2009,201947,Earl,Clark,Earl Clark,SF-PF,80.5,6' 8.5'',82.25,6' 10.25'',228.4,86.5,7' 2.5'',109.5,9' 1.5'',5.2,,,28.5,33.0,11.17,,3.35,5.0,,,,,,,,,,,,,,,,,,,,,,,
2009,201954,Darren,Collison,Darren Collison,PG,72.25,6' 0.25'',73.5,6' 1.5'',166.2,75.0,6' 3'',96.5,8' 0.5'',5.7,,,30.5,33.5,10.45,,3.1,9.0,,,,,,,,,,,,,,,,,,,,,,,
2009,201967,Dante,Cunningham,Dante Cunningham,PF,79.0,6' 7'',80.25,6' 8.25'',227.4,83.0,6' 11'',106.5,8' 10.5'',4.8,,,28.0,35.0,11.18,,3.26,18.0,,,,,,,,,,,,,,,,,,,,,,,
2009,201939,Stephen,Curry,Stephen Curry,PG-SG,74.0,6' 2'',75.25,6' 3.25'',181,75.5,6' 3.5'',97.0,8' 1'',5.7,,,29.5,35.5,11.07,,3.28,10.0,,,,,,,,,,,,,,,,,,,,,,,
2009,201948,Austin,Daye,Austin Daye,SF-PF,81.75,6' 9.75'',82.75,6' 10.75'',191.8,86.75,7' 2.75'',110.0,9' 2'',5.5,,,25.0,28.0,12.11,,3.55,0.0,,,,,,,,,,,,,,,,,,,,,,,
2009,201942,DeMar,DeRozan,DeMar DeRozan,SG-SF,77.5,6' 5.5'',78.5,6' 6.5'',211.2,81.0,6' 9'',102.5,8' 6.5'',4.9,,,29.0,38.5,11.88,,3.31,5.0,,,,,,,,,,,,,,,,,,,,,,,
2009,201962,Toney,Douglas,Toney Douglas,PG,73.0,6' 1'',74.0,6' 2'',183.4,78.0,6' 6'',97.5,8' 1.5'',5.2,,,28.0,32.5,10.63,,3.03,15.0,,,,,,,,,,,,,,,,,,,,,,,
2009,201961,Wayne,Ellington,Wayne Ellington,SG,76.25,6' 4.25'',77.25,6' 5.25'',202.4,78.5,6' 6.5'',100.0,8' 4'',5.5,,,31.5,38.0,11.14,,3.2,13.0,,,,,,,,,,,,,,,,,,,,,,,
2009,201936,Tyreke,Evans,Tyreke Evans,PG-SG,76.0,6' 4'',77.25,6' 5.25'',220.6,83.25,6' 11.25'',104.0,8' 8'',7.1,,,28.5,34.0,11.81,,3.17,7.0,,,,,,,,,,,,,,,,,,,,,,,
2009,201938,Jonny,Flynn,Jonny Flynn,PG,71.25,5' 11.25'',72.75,6' 0.75'',195.6,76.0,6' 4'',95.5,7' 11.5'',6.3,,,33.0,40.0,10.86,,3.23,10.0,,,,,,,,,,,,,,,,,,,,,,,
2009,201959,Taj,Gibson,Taj Gibson,PF,80.5,6' 8.5'',81.75,6' 9.75'',214.4,88.0,7' 4'',109.0,9' 1'',6.6,,,25.5,30.0,11.56,,3.41,12.0,,,,,,,,,,,,,,,,,,,,,,,
2009,201980,Danny,Green,Danny Green,SG-SF,77.25,6' 5.25'',78.5,6' 6.5'',208,82.0,6' 10'',103.0,8' 7'',5.6,,,29.0,33.0,11.3,,3.3,15.0,,,,,,,,,,,,,,,,,,,,,,,
2009,201933,Blake,Griffin,Blake Griffin,PF,80.5,6' 8.5'',82.0,6' 10'',248.4,83.25,6' 11.25'',105.0,8' 9'',8.2,,,32.0,35.5,10.95,,3.28,22.0,,,,,,,,,,,,,,,,,,,,,,,
2009,201946,Tyler,Hansbrough,Tyler Hansbrough,PF,80.25,6' 8.25'',81.5,6' 9.5'',234.2,83.5,6' 11.5'',106.0,8' 10'',8.5,,,27.5,34.0,11.12,,3.27,18.0,,,,,,,,,,,,,,,,,,,,,,,
2009,201935,James,Harden,James Harden,SG,76.0,6' 4'',77.25,6' 5.25'',222,82.75,6' 10.75'',103.5,8' 7.5'',10.1,,,31.5,37.0,11.1,,3.13,17.0,,,,,,,,,,,,,,,,,,,,,,,
2009,201945,Gerald,Henderson,Gerald Henderson,SG-SF,76.0,6' 4'',77.0,6' 5'',214.6,82.25,6' 10.25'',102.5,8' 6.5'',4.4,,,31.5,35.0,11.17,,3.14,8.0,,,,,,,,,,,,,,,,,,,,,,,
2009,12278,Josh,Heytvelt,Josh Heytvelt,PF-C,82.0,6' 10'',83.0,6' 11'',246.2,85.25,7' 1.25'',108.0,9' 0'',10.8,,,28.5,34.0,11.67,,3.38,15.0,,,,,,,,,,,,,,,,,,,,,,,
2009,201941,Jordan,Hill,Jordan Hill,PF-C,81.25,6' 9.25'',82.25,6' 10.25'',232.4,85.5,7' 1.5'',108.0,9' 0'',6.0,,,31.0,35.0,12.23,,3.3,11.0,,,,,,,,,,,,,,,,,,,,,,,
2009,201950,Jrue,Holiday,Jrue Holiday,PG-SG,75.25,6' 3.25'',76.25,6' 4.25'',199,79.0,6' 7'',100.5,8' 4.5'',6.3,,,28.5,34.0,10.64,,3.21,6.0,,,,,,,,,,,,,,,,,,,,,,,
2009,12279,Joe,Ingles,Joe Ingles,SF,79.75,6' 7.75'',80.25,6' 8.25'',209.2,82.25,6' 10.25'',105.0,8' 9'',10.1,,,26.0,31.0,10.66,,3.3,3.0,,,,,,,,,,,,,,,,,,,,,,,
2009,201949,James,Johnson,James Johnson,SF-PF,79.0,6' 7'',79.75,6' 7.75'',257.2,84.75,7' 0.75'',105.5,8' 9.5'',12.0,,,30.5,35.0,11.21,,3.23,18.0,,,,,,,,,,,,,,,,,,,,,,,
2009,201951,Ty,Lawson,Ty Lawson,PG,71.25,5' 11.25'',72.5,6' 0.5'',196.6,72.75,6' 0.75'',94.5,7' 10.5'',6.6,,,29.0,36.5,10.98,,3.12,14.0,,,,,,,,,,,,,,,,,,,,,,,
2009,201953,Eric,Maynor,Eric Maynor,PG,74.25,6' 2.25'',75.25,6' 3.25'',163.6,74.5,6' 2.5'',97.0,8' 1'',5.4,,,28.5,31.5,10.78,,3.19,8.0,,,,,,,,,,,,,,,,,,,,,,,
2009,12282,Jack,McClinton,Jack McClinton,SG-PG,71.75,5' 11.75'',72.75,6' 0.75'',185.2,74.5,6' 2.5'',96.0,8' 0'',6.2,,,30.0,36.5,10.44,,3.21,13.0,,,,,,,,,,,,,,,,,,,,,,,
2009,12283,Jerel,McNeal,Jerel McNeal,SG,73.5,6' 1.5'',75.0,6' 3'',190.4,79.25,6' 7.25'',99.5,8' 3.5'',5.4,,,31.5,36.5,10.61,,3.25,10.0,,,,,,,,,,,,,,,,,,,,,,,
2009,201975,Jodie,Meeks,Jodie Meeks,SG,75.0,6' 3'',76.0,6' 4'',211.4,76.5,6' 4.5'',98.0,8' 2'',8.0,,,28.5,37.0,10.96,,3.1,14.0,,,,,,,,,,,,,,,,,,,,,,,
2009,201988,Patty,Mills,Patty Mills,PG,71.25,5' 11.25'',72.5,6' 0.5'',175.4,74.0,6' 2'',95.0,7' 11'',6.9,,,27.5,33.0,10.87,,3.1,8.0,,,,,,,,,,,,,,,,,,,,,,,
2009,201957,Byron,Mullens,Byron Mullens,C,83.75,6' 11.75'',85.25,7' 1.25'',258.2,85.5,7' 1.5'',111.0,9' 3'',8.5,,,28.5,32.5,11.1,,3.45,10.0,,,,,,,,,,,,,,,,,,,,,,,
2009,201985,A.J.,Price,A.J. Price,PG,72.5,6' 0.5'',74.0,6' 2'',192.8,75.75,6' 3.75'',97.0,8' 1'',12.4,,,26.0,31.0,10.99,,3.22,11.0,,,,,,,,,,,,,,,,,,,,,,,
2009,12284,Tyler,Smith,Tyler Smith,SF,77.25,6' 5.25'',78.0,6' 6'',212,81.75,6' 9.75'',104.5,8' 8.5'',7.0,,,29.0,33.5,10.69,,3.24,10.0,,,,,,,,,,,,,,,,,,,,,,,
2009,201969,DaJuan,Summers,DaJuan Summers,SF,79.25,6' 7.25'',80.5,6' 8.5'',243,84.75,7' 0.75'',106.5,8' 10.5'',6.6,,,29.5,34.5,10.94,,3.17,15.0,,,,,,,,,,,,,,,,,,,,,,,
2009,201966,Jermaine,Taylor,Jermaine Taylor,SG,75.5,6' 3.5'',76.75,6' 4.75'',207.4,80.75,6' 8.75'',101.0,8' 5'',5.8,,,34.0,37.5,11.54,,3.32,16.0,,,,,,,,,,,,,,,,,,,,,,,
2009,201952,Jeff,Teague,Jeff Teague,PG,72.25,6' 0.25'',73.5,6' 1.5'',175.2,79.5,6' 7.5'',98.5,8' 2.5'',4.5,,,30.5,36.5,11.05,,3.18,13.0,,,,,,,,,,,,,,,,,,,,,,,
2009,201934,Hasheem,Thabeet,Hasheem Thabeet,C,85.25,7' 1.25'',86.5,7' 2.5'',267.2,90.25,7' 6.25'',113.0,9' 5'',6.7,,,,,,,,,,,,,,,,,,,,,,,,,,,,,,,
2009,201977,Marcus,Thornton,Marcus Thornton,SG,74.75,6' 2.75'',75.75,6' 3.75'',194.4,77.0,6' 5'',99.0,8' 3'',4.8,,,31.0,33.0,10.73,,3.28,14.0,,,,,,,,,,,,,,,,,,,,,,,
2009,201944,Terrence,Williams,Terrence Williams,SG-SF,77.0,6' 5'',78.25,6' 6.25'',213.2,81.0,6' 9'',103.5,8' 7.5'',5.1,,,30.5,37.0,11.15,,3.18,9.0,,,,,,,,,,,,,,,,,,,,,,,
2009,201970,Sam,Young,Sam Young,SF-SG,77.25,6' 5.25'',78.75,6' 6.75'',222.8,82.75,6' 10.75'',105.5,8' 9.5'',4.9,,,27.5,33.0,11.47,,3.45,,,,,,,,,,,,,,,,,,,,,,,,
2010,202374,Solomon,Alabi,Solomon Alabi,C,83.5,6' 11.5'',84.75,7' 0.75'',237.4,89.0,7' 5'',113.0,9' 5'',5.0,9.25,9.25,22.5,26.0,13.2,,3.68,10.0,,,,,,,,,,,,,,,,,,,,,,,
2010,202332,Cole,Aldrich,Cole Aldrich,C,81.0,6' 9'',83.25,6' 11.25'',236,88.75,7' 4.75'',111.5,9' 3.5'',8.5,9.0,9.25,23.0,28.0,11.48,,3.35,10.0,,,,,,,,,,,,,,,,,,,,,,,
2010,202329,Al-Farouq,Aminu,Al-Farouq Aminu,SF,79.25,6' 7.25'',80.5,6' 8.5'',216,87.25,7' 3.25'',108.5,9' 0.5'',8.2,9.5,9.5,27.0,33.5,11.29,,3.3,13.0,,,,,,,,,,,,,,,,,,,,,,,
2010,202341,James,Anderson,James Anderson,SF,76.75,6' 4.75'',77.75,6' 5.75'',207.6,80.5,6' 8.5'',104.0,8' 8'',7.9,8.5,7.25,30.0,35.5,11.86,,3.19,14.0,,,,,,,,,,,,,,,,,,,,,,,
2010,202337,Luke,Babbitt,Luke Babbitt,SF-PF,79.5,6' 7.5'',80.75,6' 8.75'',217.8,83.25,6' 11.25'',104.5,8' 8.5'',5.6,8.5,10.0,29.5,37.5,10.98,,3.4,15.0,,,,,,,,,,,,,,,,,,,,,,,
2010,202339,Eric,Bledsoe,Eric Bledsoe,PG,72.25,6' 0.25'',73.5,6' 1.5'',191.6,79.5,6' 7.5'',98.0,8' 2'',5.6,8.5,9.75,,,,,,9.0,,,,,,,,,,,,,,,,,,,,,,,
2010,202344,Trevor,Booker,Trevor Booker,PF,78.25,6' 6.25'',79.5,6' 7.5'',235.8,81.75,6' 9.75'',106.0,8' 10'',7.3,9.0,9.5,31.0,36.0,11.15,,3.1,22.0,,,,,,,,,,,,,,,,,,,,,,,
2010,202342,Craig,Brackins,Craig Brackins,PF-SF,80.5,6' 8.5'',81.75,6' 9.75'',229,84.0,7' 0'',109.0,9' 1'',7.9,9.5,11.25,26.0,35.0,11.65,,3.39,6.0,,,,,,,,,,,,,,,,,,,,,,,
2010,202340,Avery,Bradley,Avery Bradley,SG-PG,74.0,6' 2'',75.25,6' 3.25'',180.4,79.25,6' 7.25'',98.5,8' 2.5'',4.0,8.25,9.5,31.5,37.5,11.47,,3.14,2.0,,,,,,,,,,,,,,,,,,,,,,,
2010,202382,Derrick,Caracter,Derrick Caracter,PF,80.25,6' 8.25'',81.5,6' 9.5'',280,84.25,7' 0.25'',107.5,8' 11.5'',12.8,9.0,10.25,25.0,30.5,12.78,,3.61,22.0,,,,,,,,,,,,,,,,,,,,,,,
2010,202395,Sherron,Collins,Sherron Collins,PG,70.25,5' 10.25'',71.75,5' 11.75'',217.2,74.5,6' 2.5'',94.0,7' 10'',9.2,8.5,9.5,27.5,33.0,12.31,,3.24,,,,,,,,,,,,,,,,,,,,,,,,
2010,202326,DeMarcus,Cousins,DeMarcus Cousins,C,81.5,6' 9.5'',82.75,6' 10.75'',291.8,89.75,7' 5.75'',113.0,9' 5'',16.4,9.25,10.0,23.5,27.5,11.4,,3.55,,,,,,,,,,,,,,,,,,,,,,,,
2010,202348,Jordan,Crawford,Jordan Crawford,SG,75.0,6' 3'',76.5,6' 4.5'',198.4,79.0,6' 7'',101.0,8' 5'',4.9,8.0,9.0,31.5,34.5,11.03,,3.37,7.0,,,,,,,,,,,,,,,,,,,,,,,
2010,202334,Ed,Davis,Ed Davis,PF,81.0,6' 9'',81.75,6' 9.75'',226.6,84.0,7' 0'',108.0,9' 0'',10.0,9.25,10.0,31.0,36.0,11.7,,3.21,,,,,,,,,,,,,,,,,,,,,,,,
2010,202365,Devin,Ebanks,Devin Ebanks,SF,79.0,6' 7'',80.25,6' 8.25'',207.8,84.25,7' 0.25'',107.5,8' 11.5'',7.9,8.25,9.0,23.5,32.0,11.69,,3.44,6.0,,,,,,,,,,,,,,,,,,,,,,,
2010,202324,Derrick,Favors,Derrick Favors,PF,80.75,6' 8.75'',82.25,6' 10.25'',245.2,88.0,7' 4'',110.0,9' 2'',6.5,8.75,9.25,31.5,35.5,11.74,,3.25,14.0,,,,,,,,,,,,,,,,,,,,,,,
2010,12316,Keith,Gallon,Keith Gallon,PF-C,80.5,6' 8.5'',81.5,6' 9.5'',301.8,88.5,7' 4.5'',109.5,9' 1.5'',15.1,9.25,10.5,23.5,28.5,13.44,,3.7,14.0,,,,,,,,,,,,,,,,,,,,,,,
2010,12317,Charles,Garcia,Charles Garcia,SF,80.25,6' 8.25'',81.25,6' 9.25'',231.6,85.75,7' 1.75'',107.5,8' 11.5'',7.0,8.75,9.0,24.5,30.5,11.65,,3.23,2.0,,,,,,,,,,,,,,,,,,,,,,,
2010,202331,Paul,George,Paul George,SF,79.75,6' 7.75'',80.75,6' 8.75'',214.4,83.25,6' 11.25'',107.0,8' 11'',5.0,8.5,9.0,,,,,,4.0,,,,,,,,,,,,,,,,,,,,,,,
2010,202376,Luke,Harangody,Luke Harangody,PF,78.0,6' 6'',79.75,6' 7.75'',240.2,81.5,6' 9.5'',106.0,8' 10'',11.1,8.75,9.75,24.0,28.5,11.83,,3.41,23.0,,,,,,,,,,,,,,,,,,,,,,,
2010,202412,Manny,Harris,Manny Harris,SG,76.0,6' 4'',77.5,6' 5.5'',185.1,79.25,6' 7.25'',102.0,8' 6'',3.8,8.5,9.0,,,,,,11.0,,,,,,,,,,,,,,,,,,,,,,,
2010,202351,Lazar,Hayward,Lazar Hayward,SG-SF,76.5,6' 4.5'',77.75,6' 5.75'',225.8,84.75,7' 0.75'',102.0,8' 6'',7.5,9.25,9.5,31.0,36.0,10.87,,3.31,15.0,,,,,,,,,,,,,,,,,,,,,,,
2010,202330,Gordon,Hayward,Gordon Hayward,SF,78.75,6' 6.75'',80.0,6' 8'',211,79.75,6' 7.75'',103.0,8' 7'',6.9,8.5,9.25,30.5,34.5,11.73,,3.22,10.0,,,,,,,,,,,,,,,,,,,,,,,
2010,202333,Xavier,Henry,Xavier Henry,SG,77.25,6' 5.25'',78.5,6' 6.5'',210.2,83.25,6' 11.25'',105.0,8' 9'',4.7,8.75,10.0,28.5,36.5,11.1,,3.18,8.0,,,,,,,,,,,,,,,,,,,,,,,
2010,202359,Darington,Hobson,Darington Hobson,SG-SF,77.25,6' 5.25'',78.5,6' 6.5'',203.6,81.25,6' 9.25'',104.5,8' 8.5'',6.2,8.25,9.0,29.0,34.0,11.68,,3.25,,,,,,,,,,,,,,,,,,,,,,,,
2010,202345,Damion,James,Damion James,SF,78.25,6' 6.25'',79.75,6' 7.75'',226.6,84.75,7' 0.75'',107.0,8' 11'',9.6,9.25,8.5,29.0,33.0,10.89,,3.2,13.0,,,,,,,,,,,,,,,,,,,,,,,
2010,202325,Wesley,Johnson,Wesley Johnson,SF,78.25,6' 6.25'',79.25,6' 7.25'',206.4,85.0,7' 1'',106.0,8' 10'',4.6,9.0,9.5,32.0,37.0,11.43,,3.14,16.0,,,,,,,,,,,,,,,,,,,,,,,
2010,202356,Armon,Johnson,Armon Johnson,PG-SG,74.0,6' 2'',75.25,6' 3.25'',195.2,80.0,6' 8'',99.5,8' 3.5'',5.6,8.25,9.25,31.5,38.5,11.25,,3.19,18.0,,,,,,,,,,,,,,,,,,,,,,,
2010,202346,Dominique,Jones,Dominique Jones,SG,75.25,6' 3.25'',77.0,6' 5'',216,81.25,6' 9.25'',101.0,8' 5'',5.9,9.0,10.25,26.0,32.5,10.88,,3.31,19.0,,,,,,,,,,,,,,,,,,,,,,,
2010,12329,Jerome,Jordan,Jerome Jordan,C,83.5,6' 11.5'',84.75,7' 0.75'',244.2,89.25,7' 5.25'',113.0,9' 5'',6.9,9.0,10.25,,,,,,,,,,,,,,,,,,,,,,,,,,,,,
2010,12330,Sylven,Landesberg,Sylven Landesberg,SG,76.75,6' 4.75'',78.25,6' 6.25'',210,81.0,6' 9'',100.5,8' 4.5'',11.6,8.75,10.75,28.0,32.0,11.59,,3.36,8.0,,,,,,,,,,,,,,,,,,,,,,,
2010,202371,Gani,Lawal,Gani Lawal,PF,79.5,6' 7.5'',81.0,6' 9'',233.4,84.0,7' 0'',107.5,8' 11.5'',6.3,8.5,10.0,27.0,31.5,11.61,,3.24,20.0,,,,,,,,,,,,,,,,,,,,,,,
2010,202328,Greg,Monroe,Greg Monroe,PF-C,81.75,6' 9.75'',83.0,6' 11'',246.6,86.25,7' 2.25'',108.5,9' 0.5'',11.2,8.75,9.5,25.0,29.0,12.1,,3.35,15.0,,,,,,,,,,,,,,,,,,,,,,,
2010,202350,Daniel,Orton,Daniel Orton,C,80.75,6' 8.75'',81.5,6' 9.5'',269.2,88.25,7' 4.25'',110.5,9' 2.5'',13.8,8.5,9.75,24.0,30.5,12.32,,3.39,13.0,,,,,,,,,,,,,,,,,,,,,,,
2010,12334,Artsiom,Parakhouski,Artsiom Parakhouski,C,82.25,6' 10.25'',83.75,6' 11.75'',268.2,85.0,7' 1'',109.5,9' 1.5'',6.0,9.0,10.5,25.5,26.5,12.07,,3.33,16.0,,,,,,,,,,,,,,,,,,,,,,,
2010,202335,Patrick,Patterson,Patrick Patterson,PF,80.0,6' 8'',81.25,6' 9.25'',239.6,85.25,7' 1.25'',107.0,8' 11'',5.3,9.25,10.25,28.5,33.5,11.14,,3.25,17.0,,,,,,,,,,,,,,,,,,,,,,,
2010,202354,Dexter,Pittman,Dexter Pittman,PF-C,81.5,6' 9.5'',83.5,6' 11.5'',302.6,90.0,7' 6'',111.0,9' 3'',20.8,10.25,10.5,,,,,,,,,,,,,,,,,,,,,,,,,,,,,
2010,202360,Andy,Rautins,Andy Rautins,SG,76.25,6' 4.25'',77.0,6' 5'',191.6,79.0,6' 7'',100.0,8' 4'',6.2,8.0,9.75,23.5,30.5,11.27,,3.49,8.0,,,,,,,,,,,,,,,,,,,,,,,
2010,12338,Ryan,Richards,Ryan Richards,PF,82.5,6' 10.5'',83.75,6' 11.75'',230.2,85.5,7' 1.5'',110.0,9' 2'',8.0,9.0,9.75,25.0,28.5,11.33,,3.37,4.0,,,,,,,,,,,,,,,,,,,,,,,
2010,202383,Stanley,Robinson,Stanley Robinson,SF,78.5,6' 6.5'',79.75,6' 7.75'',213.2,84.0,7' 0'',107.5,8' 11.5'',8.3,9.0,9.0,,37.5,11.65,,3.23,6.0,,,,,,,,,,,,,,,,,,,,,,,
2010,202336,Larry,Sanders,Larry Sanders,PF-C,81.25,6' 9.25'',82.5,6' 10.5'',222.4,89.75,7' 5.75'',112.0,9' 4'',4.6,9.75,11.0,25.5,28.0,12.49,,3.27,7.0,,,,,,,,,,,,,,,,,,,,,,,
2010,12341,Jon,Scheyer,Jon Scheyer,PG-SG,76.75,6' 4.75'',78.0,6' 6'',180,75.25,6' 3.25'',99.0,8' 3'',5.4,7.75,9.5,,,,,,,,,,,,,,,,,,,,,,,,,,,,,
2010,202362,Lance,Stephenson,Lance Stephenson,SG,76.5,6' 4.5'',77.75,6' 5.75'',227,82.5,6' 10.5'',103.0,8' 7'',9.3,9.0,10.25,27.0,33.0,11.39,,3.38,10.0,,,,,,,,,,,,,,,,,,,,,,,
2010,12343,Mikhail,Torrance,Mikhail Torrance,PG,76.0,6' 4'',77.0,6' 5'',208.8,79.5,6' 7.5'',103.0,8' 7'',7.0,8.75,9.5,23.0,32.0,11.43,,3.17,8.0,,,,,,,,,,,,,,,,,,,,,,,
2010,202323,Evan,Turner,Evan Turner,SG,77.75,6' 5.75'',79.0,6' 7'',213.8,80.0,6' 8'',103.5,8' 7.5'',8.6,8.75,9.5,27.5,34.5,11.06,,3.27,9.0,,,,,,,,,,,,,,,,,,,,,,,
2010,202327,Ekpe,Udoh,Ekpe Udoh,PF,80.75,6' 8.75'',81.75,6' 9.75'',237.4,88.5,7' 4.5'',106.5,8' 10.5'',8.0,9.5,8.75,31.0,33.5,11.15,,3.29,10.0,,,,,,,,,,,,,,,,,,,,,,,
2010,12346,Jarvis,Varnado,Jarvis Varnado,PF-C,80.25,6' 8.25'',82.0,6' 10'',210.2,87.5,7' 3.5'',109.5,9' 1.5'',9.5,9.25,9.5,29.5,32.5,11.61,,3.37,3.0,,,,,,,,,,,,,,,,,,,,,,,
2010,202349,Greivis,Vasquez,Greivis Vasquez,PG-SG,77.0,6' 5'',78.5,6' 6.5'',210.8,79.0,6' 7'',101.0,8' 5'',8.6,7.75,9.25,,,,,,,,,,,,,,,,,,,,,,,,,,,,,
2010,202322,John,Wall,John Wall,PG,74.75,6' 2.75'',76.0,6' 4'',195.6,81.25,6' 9.25'',101.5,8' 5.5'',5.6,8.25,9.5,30.0,39.0,10.84,,3.14,,,,,,,,,,,,,,,,,,,,,,,,
2010,202378,Willie,Warren,Willie Warren,SG-PG,74.5,6' 2.5'',75.75,6' 3.75'',208.4,78.0,6' 6'',99.5,8' 3.5'',7.6,8.5,9.5,23.0,31.5,11.21,,3.5,10.0,,,,,,,,,,,,,,,,,,,,,,,
2010,202358,Terrico,White,Terrico White,SG-PG,75.75,6' 3.75'',77.0,6' 5'',202.6,81.0,6' 9'',101.0,8' 5'',3.7,9.0,10.5,31.0,40.0,11.38,,3.15,10.0,,,,,,,,,,,,,,,,,,,,,,,
2010,202355,Hassan,Whiteside,Hassan Whiteside,C-PF,82.5,6' 10.5'',83.5,6' 11.5'',226.6,91.0,7' 7'',113.0,9' 5'',5.5,8.25,10.25,27.0,31.5,11.83,,3.54,12.0,,,,,,,,,,,,,,,,,,,,,,,
2011,202728,Keith,Benson,Keith Benson,C-PF,82.0,6' 10'',83.0,6' 11'',217,87.75,7' 3.75'',109.5,9' 1.5'',6.1,9.5,11.0,31.5,36.0,11.88,,3.35,12.0,,,,,,,,,,,,,,,,,,,,,,,
2011,202705,Marshon,Brooks,Marshon Brooks,SG,76.25,6' 4.25'',77.25,6' 5.25'',194.6,85.0,7' 1'',101.0,8' 5'',5.2,9.0,10.5,34.0,38.5,10.74,,3.09,5.0,,,,,,,,,,,,,,,,,,,,,,,
2011,202692,Alec,Burks,Alec Burks,SG,77.0,6' 5'',78.0,6' 6'',192.6,82.0,6' 10'',103.5,8' 7.5'',5.1,9.0,8.25,29.0,36.0,10.96,,3.17,5.0,,,,,,,,,,,,,,,,,,,,,,,
2011,202710,Jimmy,Butler,Jimmy Butler,SF,78.0,6' 6'',79.75,6' 7.75'',222.2,79.5,6' 7.5'',101.5,8' 5.5'',5.4,9.0,9.0,32.0,39.0,11.12,,3.15,14.0,,,,,,,,,,,,,,,,,,,,,,,
2011,202708,Norris,Cole,Norris Cole,PG,72.25,6' 0.25'',73.75,6' 1.75'',174.4,74.25,6' 2.25'',95.5,7' 11.5'',4.7,8.5,9.5,29.5,38.5,10.07,,3.22,11.0,,,,,,,,,,,,,,,,,,,,,,,
2011,202739,Jon,Diebler,Jon Diebler,SG,77.25,6' 5.25'',78.5,6' 6.5'',196.6,78.0,6' 6'',99.0,8' 3'',8.5,8.25,8.25,28.0,35.0,10.94,,3.37,2.0,,,,,,,,,,,,,,,,,,,,,,,
2011,12406,Michael,Dunigan,Michael Dunigan,PF-C,80.5,6' 8.5'',82.0,6' 10'',237.6,87.25,7' 3.25'',107.5,8' 11.5'',8.0,9.0,10.75,29.5,34.5,11.85,,3.27,10.0,,,,,,,,,,,,,,,,,,,,,,,
2011,12407,LaceDarius,Dunn,LaceDarius Dunn,SG,75.0,6' 3'',76.0,6' 4'',187.8,78.25,6' 6.25'',101.0,8' 5'',5.5,9.0,10.25,26.5,31.0,11.45,,3.27,3.0,,,,,,,,,,,,,,,,,,,,,,,
2011,202702,Kenneth,Faried,Kenneth Faried,PF,78.0,6' 6'',79.5,6' 7.5'',224.6,84.0,7' 0'',108.0,9' 0'',6.3,8.5,10.25,30.5,35.0,11.35,,3.26,16.0,,,,,,,,,,,,,,,,,,,,,,,
2011,12409,James,Fredette,James Fredette,PG,72.75,6' 0.75'',74.5,6' 2.5'',196,76.5,6' 4.5'',96.5,8' 0.5'',7.7,8.0,8.5,28.0,33.0,10.42,,3.21,14.0,,,,,,,,,,,,,,,,,,,,,,,
2011,202726,Andrew,Goudelock,Andrew Goudelock,PG,73.25,6' 1.25'',74.75,6' 2.75'',197.6,76.25,6' 4.25'',96.5,8' 0.5'',9.9,8.25,9.25,32.5,37.0,10.33,,3.1,4.0,,,,,,,,,,,,,,,,,,,,,,,
2011,202706,Jordan,Hamilton,Jordan Hamilton,SF,78.75,6' 6.75'',80.5,6' 8.5'',228.4,81.5,6' 9.5'',104.0,8' 8'',9.8,9.0,9.25,25.0,32.0,11.47,,3.3,7.0,,,,,,,,,,,,,,,,,,,,,,,
2011,202712,Justin,Harper,Justin Harper,PF-SF,80.0,6' 8'',80.75,6' 8.75'',228,83.75,6' 11.75'',106.0,8' 10'',4.0,9.0,9.25,28.5,33.0,11.92,,3.3,19.0,,,,,,,,,,,,,,,,,,,,,,,
2011,202699,Tobias,Harris,Tobias Harris,SF-PF,78.5,6' 6.5'',79.75,6' 7.75'',222.8,83.0,6' 11'',103.5,8' 7.5'',8.4,8.75,9.0,31.5,37.5,10.96,,3.17,12.0,,,,,,,,,,,,,,,,,,,,,,,
2011,202715,Tyler,Honeycutt,Tyler Honeycutt,SF,78.75,6' 6.75'',80.25,6' 8.25'',186.8,81.0,6' 9'',105.0,8' 9'',5.3,8.5,9.5,30.0,37.0,11.68,,3.07,,,,,,,,,,,,,,,,,,,,,,,,
2011,12415,Scotty,Hopson,Scotty Hopson,SG,77.75,6' 5.75'',78.5,6' 6.5'',204.6,82.5,6' 10.5'',103.5,8' 7.5'',4.8,8.5,10.0,32.5,36.0,10.47,,3.18,10.0,,,,,,,,,,,,,,,,,,,,,,,
2011,202681,Kyrie,Irving,Kyrie Irving,PG,73.75,6' 1.75'',75.5,6' 3.5'',191,76.0,6' 4'',99.0,8' 3'',10.2,8.25,9.25,,,,,,,,,,,,,,,,,,,,,,,,,,,,,
2011,12417,Rick,Jackson,Rick Jackson,PF,80.25,6' 8.25'',81.25,6' 9.25'',241.8,86.0,7' 2'',106.5,8' 10.5'',8.3,8.75,9.5,28.5,33.0,11.51,,3.26,9.0,,,,,,,,,,,,,,,,,,,,,,,
2011,202724,Charles,Jenkins,Charles Jenkins,PG-SG,73.5,6' 1.5'',75.25,6' 3.25'',216.4,79.5,6' 7.5'',96.5,8' 0.5'',4.3,8.5,9.0,29.5,34.0,11.68,,3.18,16.0,,,,,,,,,,,,,,,,,,,,,,,
2011,202707,JaJuan,Johnson,JaJuan Johnson,PF,81.0,6' 9'',82.0,6' 10'',219.8,86.0,7' 2'',107.5,8' 11.5'',7.5,9.0,10.0,33.5,38.0,11.21,,3.14,15.0,,,,,,,,,,,,,,,,,,,,,,,
2011,202709,Cory,Joseph,Cory Joseph,PG,74.0,6' 2'',75.25,6' 3.25'',186.2,77.5,6' 5.5'',99.0,8' 3'',9.7,8.5,10.5,27.5,35.0,10.75,,3.27,5.0,,,,,,,,,,,,,,,,,,,,,,,
2011,202683,Enes,Kanter,Enes Kanter,PF-C,81.75,6' 9.75'',83.25,6' 11.25'',259.2,85.5,7' 1.5'',109.5,9' 1.5'',5.9,9.5,10.75,26.0,32.5,11.3,,3.26,14.0,,,,,,,,,,,,,,,,,,,,,,,
2011,202688,Brandon,Knight,Brandon Knight,PG,73.5,6' 1.5'',75.25,6' 3.25'',176.8,78.75,6' 6.75'',98.5,8' 2.5'',4.2,8.25,9.5,29.0,37.5,10.74,,3.07,10.0,,,,,,,,,,,,,,,,,,,,,,,
2011,202723,Malcolm,Lee,Malcolm Lee,SG,76.0,6' 4'',77.5,6' 5.5'',198.2,81.75,6' 9.75'',101.5,8' 5.5'',5.9,8.5,9.5,30.0,35.5,11.2,,3.09,17.0,,,,,,,,,,,,,,,,,,,,,,,
2011,202695,Kawhi,Leonard,Kawhi Leonard,SF,78.0,6' 6'',79.0,6' 7'',227.4,87.0,7' 3'',106.0,8' 10'',5.4,9.75,11.25,25.5,32.0,11.45,,3.15,3.0,,,,,,,,,,,,,,,,,,,,,,,
2011,202727,Travis,Leslie,Travis Leslie,SG,75.0,6' 3'',76.25,6' 4.25'',205,82.5,6' 10.5'',103.0,8' 7'',8.1,8.75,9.25,33.0,40.5,11.0,,3.13,10.0,,,,,,,,,,,,,,,,,,,,,,,
2011,202720,Jon,Leuer,Jon Leuer,PF,82.0,6' 10'',83.5,6' 11.5'',223.2,84.0,7' 0'',105.5,8' 9.5'',5.4,8.75,9.75,29.5,36.5,10.82,,3.36,14.0,,,,,,,,,,,,,,,,,,,,,,,
2011,202732,DeAndre,Liggins,DeAndre Liggins,SF-SG,77.0,6' 5'',78.25,6' 6.25'',202.2,83.0,6' 11'',103.5,8' 7.5'',5.0,8.75,10.0,27.0,31.0,,,3.33,6.0,,,,,,,,,,,,,,,,,,,,,,,
2011,12428,David,Lighty,David Lighty,SG,76.75,6' 4.75'',78.5,6' 6.5'',216.2,80.0,6' 8'',101.0,8' 5'',6.5,9.0,10.0,28.5,33.0,10.81,,3.25,15.0,,,,,,,,,,,,,,,,,,,,,,,
2011,202714,Shelvin,Mack,Shelvin Mack,PG,73.0,6' 1'',74.5,6' 2.5'',209,79.5,6' 7.5'',96.5,8' 0.5'',7.1,8.25,9.25,32.0,39.0,11.23,,3.18,17.0,,,,,,,,,,,,,,,,,,,,,,,
2011,12430,Demetri,McCamey,Demetri McCamey,PG,73.75,6' 1.75'',75.25,6' 3.25'',204,78.25,6' 6.25'',99.5,8' 3.5'',6.1,8.5,9.0,27.0,33.0,11.55,,3.19,,,,,,,,,,,,,,,,,,,,,,,,
2011,202734,E'Twaun,Moore,E'Twaun Moore,SG,74.5,6' 2.5'',76.0,6' 4'',191.4,81.5,6' 9.5'',99.5,8' 3.5'',7.6,9.0,10.0,32.0,34.5,11.12,,3.31,,,,,,,,,,,,,,,,,,,,,,,,
2011,202694,Marcus,Morris,Marcus Morris,PF-SF,79.0,6' 7'',80.75,6' 8.75'',229.6,82.0,6' 10'',105.5,8' 9.5'',8.0,8.25,8.5,29.0,33.0,,,3.15,11.0,,,,,,,,,,,,,,,,,,,,,,,
2011,202693,Markieff,Morris,Markieff Morris,PF,79.75,6' 7.75'',81.25,6' 9.25'',240.8,82.75,6' 10.75'',106.5,8' 10.5'',10.2,8.5,8.25,27.0,31.5,,,3.4,11.0,,,,,,,,,,,,,,,,,,,,,,,
2011,202721,Darius,Morris,Darius Morris,PG-SG,75.25,6' 3.25'',77.25,6' 5.25'',190,79.5,6' 7.5'',102.0,8' 6'',5.3,8.75,10.0,24.5,32.0,11.0,,3.2,12.0,,,,,,,,,,,,,,,,,,,,,,,
2011,202718,Chandler,Parsons,Chandler Parsons,SF,80.75,6' 8.75'',81.75,6' 9.75'',221.2,81.5,6' 9.5'',104.5,8' 8.5'',7.0,8.25,10.0,25.5,31.5,11.05,,3.29,4.0,,,,,,,,,,,,,,,,,,,,,,,
2011,12436,Jereme,Richmond,Jereme Richmond,SF,78.0,6' 6'',79.25,6' 7.25'',207.2,82.25,6' 10.25'',106.5,8' 10.5'',5.5,8.75,9.5,27.0,33.5,11.74,,3.02,0.0,,,,,,,,,,,,,,,,,,,,,,,
2011,202729,Josh,Selby,Josh Selby,SG-PG,73.75,6' 1.75'',75.0,6' 3'',194.6,77.25,6' 5.25'',98.0,8' 2'',7.9,8.5,9.0,29.5,42.0,11.13,,3.2,5.0,,,,,,,,,,,,,,,,,,,,,,,
2011,202697,Iman,Shumpert,Iman Shumpert,PG-SG,76.25,6' 4.25'',77.5,6' 5.5'',221.8,81.5,6' 9.5'',99.5,8' 3.5'',6.5,9.0,9.0,36.5,42.0,11.1,,3.18,18.0,,,,,,,,,,,,,,,,,,,,,,,
2011,202713,Kyle,Singler,Kyle Singler,SF,79.5,6' 7.5'',80.5,6' 8.5'',228,82.1,6' 10.1'',106.0,8' 10'',10.0,8.25,8.75,23.0,30.0,11.22,,3.21,10.0,,,,,,,,,,,,,,,,,,,,,,,
2011,202698,Chris,Singleton,Chris Singleton,SF,79.75,6' 7.75'',81.0,6' 9'',230.2,85.0,7' 1'',103.5,8' 7.5'',7.4,9.25,10.0,30.5,37.5,11.33,,3.09,15.0,,,,,,,,,,,,,,,,,,,,,,,
2011,12441,Jamie,Skeen,Jamie Skeen,PF,78.5,6' 6.5'',80.0,6' 8'',241.6,85.25,7' 1.25'',106.5,8' 10.5'',9.8,8.5,8.5,26.0,30.5,12.43,,3.46,10.0,,,,,,,,,,,,,,,,,,,,,,,
2011,202701,Nolan,Smith,Nolan Smith,PG,73.5,6' 1.5'',75.5,6' 3.5'',187.6,77.5,6' 5.5'',99.0,8' 3'',5.6,8.5,9.25,28.5,34.0,11.05,,3.17,9.0,,,,,,,,,,,,,,,,,,,,,,,
2011,12442,Gregory,Smith,Gregory Smith,PF-C,80.0,6' 8'',81.25,6' 9.25'',252.8,86.5,7' 2.5'',106.5,8' 10.5'',7.4,9.75,12.0,29.5,36.0,12.43,,3.36,17.0,,,,,,,,,,,,,,,,,,,,,,,
2011,12445,Malcolm,Thomas,Malcolm Thomas,PF,79.5,6' 7.5'',80.75,6' 8.75'',223,84.5,7' 0.5'',107.5,8' 11.5'',5.9,9.5,10.5,32.0,36.5,11.31,,3.29,3.0,,,,,,,,,,,,,,,,,,,,,,,
2011,202738,Isaiah,Thomas,Isaiah Thomas,PG,68.75,5' 8.75'',70.25,5' 10.25'',186,73.75,6' 1.75'',91.5,7' 7.5'',6.7,8.25,9.0,31.5,40.0,10.49,,3.14,13.0,,,,,,,,,,,,,,,,,,,,,,,
2011,202717,Trey,Thompkins,Trey Thompkins,PF,80.5,6' 8.5'',81.75,6' 9.75'',239,85.0,7' 1'',107.5,8' 11.5'',15.5,9.25,9.75,27.5,30.5,11.72,,3.41,15.0,,,,,,,,,,,,,,,,,,,,,,,
2011,202684,Tristan,Thompson,Tristan Thompson,PF,79.5,6' 7.5'',80.75,6' 8.75'',227.4,85.25,7' 1.25'',108.5,9' 0.5'',6.2,8.75,9.25,30.0,35.0,10.92,,3.26,9.0,,,,,,,,,,,,,,,,,,,,,,,
2011,202691,Klay,Thompson,Klay Thompson,SG,77.75,6' 5.75'',79.25,6' 7.25'',205.6,81.0,6' 9'',103.5,8' 7.5'',8.0,8.75,9.25,26.5,31.5,10.99,,3.24,5.0,,,,,,,,,,,,,,,,,,,,,,,
2011,202719,Jeremy,Tyler,Jeremy Tyler,PF-C,81.0,6' 9'',82.5,6' 10.5'',262.4,89.0,7' 5'',110.5,9' 2.5'',13.4,9.25,9.0,28.0,33.5,11.26,,3.29,10.0,,,,,,,,,,,,,,,,,,,,,,,
2011,202696,Nikola,Vucevic,Nikola Vucevic,PF-C,82.25,6' 10.25'',83.75,6' 11.75'',259.8,88.5,7' 4.5'',112.5,9' 4.5'',6.1,9.25,10.25,23.5,25.0,12.02,,3.27,8.0,,,,,,,,,,,,,,,,,,,,,,,
2011,202689,Kemba,Walker,Kemba Walker,PG,71.5,5' 11.5'',73.0,6' 1'',184,75.5,6' 3.5'',91.5,7' 7.5'',5.9,8.0,9.0,32.0,39.5,10.87,,3.16,7.0,,,,,,,,,,,,,,,,,,,,,,,
2011,202716,Jordan,Williams,Jordan Williams,PF,79.75,6' 7.75'',81.0,6' 9'',247.2,84.25,7' 0.25'',106.5,8' 10.5'',12.1,9.25,10.0,25.0,30.5,12.74,,3.45,10.0,,,,,,,,,,,,,,,,,,,,,,,
2011,202682,Derrick,Williams,Derrick Williams,PF-SF,79.25,6' 7.25'',80.75,6' 8.75'',248.4,85.5,7' 1.5'',108.0,9' 0'',10.8,9.0,9.75,29.0,34.5,11.03,,3.23,19.0,,,,,,,,,,,,,,,,,,,,,,,
2012,203112,Quincy,Acy,Quincy Acy,PF,78.5,6' 6.5'',79.75,6' 7.75'',223.8,86.75,7' 2.75'',106.5,8' 10.5'',7.1,9.5,11.0,32.0,37.0,10.48,,3.28,13.0,,,,,,,,,,,,,,,,,,,,,,,
2012,203084,Harrison,Barnes,Harrison Barnes,SF-SG,79.0,6' 7'',80.0,6' 8'',227.8,83.25,6' 11.25'',101.5,8' 5.5'',9.6,9.0,8.5,38.0,39.5,10.93,,3.16,15.0,,,,,,,,,,,,,,,,,,,,,,,
2012,203115,Will,Barton,Will Barton,SG-SF,77.0,6' 5'',78.0,6' 6'',174.4,81.75,6' 9.75'',102.5,8' 6.5'',4.1,9.0,9.5,30.0,34.0,12.5,,3.6,0.0,,,,,,,,,,,,,,,,,,,,,,,
2012,203078,Bradley,Beal,Bradley Beal,SG,75.25,6' 3.25'',76.75,6' 4.75'',201.8,80.0,6' 8'',100.0,8' 4'',6.0,8.5,9.0,33.0,39.0,10.95,,3.28,8.0,,,,,,,,,,,,,,,,,,,,,,,
2012,12458,J'Covan,Brown,J'Covan Brown,PG,73.0,6' 1'',74.25,6' 2.25'',202.4,77.25,6' 5.25'',96.0,8' 0'',12.5,7.75,8.25,26.0,29.5,11.68,,3.47,3.0,,,,,,,,,,,,,,,,,,,,,,,
